Kanji,Rank
人,1
一,2
見,3
言,4
何,5
大,6
気,7
出,8
今,9
思,10
前,11
分,12
手,13
行,14
間,15
来,16
日,17
子,18
生,19
中,20
私,21
本,22
上,23
事,24
時,25
目,26
自,27
当,28
入,29
合,30
知,31
全,32
持,33
方,34
待,35
話,36
度,37
心,38
聞,39
俺,40
先,41
変,42
最,43
会,44
体,45
違,46
無,47
力,48
者,49
回,50
後,51
物,52
誰,53
意,54
取,55
理,56
場,57
部,58
悪,59
夫,60
同,61
動,62
早,63
下,64
女,65
感,66
立,67
年,68
丈,69
実,70
様,71
少,72
対,73
切,74
決,75
作,76
食,77
所,78
長,79
世,80
君,81
好,82
不,83
通,84
考,85
味,86
込,87
明,88
次,89
使,90
外,91
確,92
強,93
帰,94
相,95
結,96
名,97
高,98
用,99
地,100
家,101
然,102
緒,103
着,104
仕,105
張,106
近,107
連,108
勝,109
必,110
向,111
初,112
引,113
以,114
別,115
終,116
楽,117
願,118
的,119
落,120
信,121
絶,122
面,123
男,124
代,125
死,126
顔,127
身,128
発,129
小,130
真,131
残,132
開,133
始,134
元,135
戻,136
直,137
失,138
覚,139
頼,140
僕,141
新,142
正,143
番,144
彼,145
配,146
続,147
教,148
要,149
足,150
戦,151
返,152
解,153
付,154
命,155
助,156
性,157
伝,158
学,159
呼,160
止,161
急,162
界,163
声,164
口,165
受,166
情,167
関,168
現,169
屋,170
道,171
起,172
成,173
内,174
二,175
逃,176
野,177
安,178
調,179
定,180
守,181
任,182
負,183
空,184
金,185
達,186
嫌,187
多,188
我,189
魔,190
白,191
問,192
能,193
親,194
過,195
苦,196
音,197
父,198
頭,199
重,200
乗,201
集,202
笑,203
月,204
礼,205
書,206
神,207
特,208
夜,209
応,210
追,211
業,212
殺,213
放,214
員,215
数,216
離,217
母,218
優,219
美,220
忘,221
仲,222
置,223
葉,224
指,225
倒,226
題,227
愛,228
突,229
主,230
風,231
消,232
機,233
飛,234
国,235
果,236
得,237
他,238
断,239
頑,240
天,241
法,242
抜,243
流,244
由,245
水,246
進,247
許,248
構,249
係,250
運,251
化,252
危,253
利,254
友,255
山,256
平,257
皆,258
送,259
想,260
状,261
完,262
遠,263
報,264
撃,265
期,266
歩,267
可,268
遅,269
怖,270
電,271
痛,272
約,273
色,274
在,275
選,276
士,277
念,278
存,279
田,280
反,281
認,282
望,283
加,284
買,285
件,286
夢,287
計,288
供,289
良,290
寝,291
予,292
活,293
備,294
休,295
郎,296
役,297
格,298
説,299
表,300
十,301
文,302
単,303
探,304
限,305
第,306
社,307
息,308
敵,309
申,310
打,311
飲,312
組,313
朝,314
校,315
転,316
隠,317
三,318
兄,319
訳,320
邪,321
幸,322
原,323
点,324
画,325
記,326
光,327
店,328
談,329
難,330
久,331
族,332
素,333
姿,334
恐,335
態,336
太,337
欲,338
料,339
渡,340
常,341
売,342
昔,343
万,344
頃,345
半,346
普,347
品,348
困,349
似,350
疲,351
怒,352
告,353
木,354
迷,355
車,356
海,357
束,358
速,359
遊,360
客,361
傷,362
破,363
走,364
形,365
余,366
貴,367
泣,368
経,369
去,370
有,371
押,372
絡,373
寄,374
読,375
裏,376
参,377
花,378
昨,379
未,380
毎,381
謝,382
座,383
務,384
振,385
語,386
壊,387
保,388
室,389
熱,390
再,391
届,392
若,393
答,394
深,395
試,396
和,397
東,398
交,399
公,400
逆,401
局,402
器,403
超,404
証,405
捨,406
黙,407
腹,408
広,409
血,410
弱,411
火,412
視,413
際,414
喜,415
冷,416
支,417
介,418
警,419
服,420
都,421
準,422
辺,423
赤,424
川,425
段,426
済,427
触,428
差,429
奥,430
姉,431
病,432
満,433
住,434
王,435
術,436
議,437
居,438
義,439
例,440
式,441
険,442
惑,443
降,444
越,445
線,446
背,447
共,448
捕,449
黒,450
甘,451
駄,452
巻,453
師,454
退,455
土,456
育,457
制,458
簡,459
両,460
案,461
了,462
治,463
察,464
験,465
注,466
静,467
質,468
攻,469
救,470
接,471
減,472
識,473
週,474
周,475
娘,476
勢,477
増,478
悲,479
働,480
収,481
習,482
派,483
台,484
根,485
恋,486
団,487
労,488
焼,489
興,490
秘,491
片,492
容,493
石,494
茶,495
暴,496
敗,497
況,498
影,499
瞬,500
練,501
割,502
掛,503
輩,504
判,505
技,506
散,507
密,508
抱,509
精,510
像,511
具,512
害,513
古,514
驚,515
産,516
腕,517
求,518
復,519
肉,520
狙,521
替,522
暮,523
迎,524
婚,525
装,526
途,527
程,528
首,529
更,530
恥,531
星,532
眠,533
効,534
位,535
胸,536
護,537
閉,538
騒,539
異,540
怪,541
個,542
罪,543
字,544
鳴,545
責,546
歳,547
除,548
末,549
御,550
飯,551
青,552
捜,553
武,554
園,555
乱,556
千,557
貸,558
図,559
与,560
写,561
故,562
京,563
号,564
囲,565
借,566
映,567
刻,568
極,569
犯,570
頂,571
誘,572
門,573
払,574
奪,575
示,576
職,577
激,578
馬,579
独,580
細,581
島,582
移,583
舞,584
悟,585
暗,586
村,587
旅,588
院,589
浮,590
観,591
側,592
投,593
権,594
担,595
悔,596
協,597
互,598
滅,599
丸,600
軽,601
端,602
跡,603
改,604
勘,605
円,606
疑,607
紙,608
慢,609
査,610
援,611
修,612
右,613
量,614
井,615
弁,616
工,617
奴,618
亡,619
剣,620
防,621
処,622
闘,623
脱,624
町,625
詰,626
低,627
刺,628
将,629
路,630
資,631
登,632
昼,633
等,634
価,635
街,636
宿,637
諦,638
妙,639
襲,640
設,641
禁,642
底,643
留,644
階,645
帯,646
踏,647
非,648
奇,649
民,650
種,651
争,652
弟,653
晴,654
類,655
左,656
歌,657
盛,658
雑,659
冗,660
値,661
席,662
並,663
吸,664
隊,665
横,666
響,667
尽,668
市,669
弾,670
春,671
球,672
忙,673
材,674
汚,675
導,676
緊,677
厳,678
折,679
洗,680
吹,681
軍,682
温,683
令,684
功,685
演,686
北,687
香,688
希,689
髪,690
拠,691
勉,692
四,693
造,694
酒,695
藤,696
印,697
耳,698
基,699
夏,700
納,701
条,702
論,703
商,704
筋,705
薬,706
懸,707
爆,708
志,709
西,710
波,711
才,712
握,713
戸,714
因,715
城,716
級,717
兵,718
五,719
慣,720
整,721
避,722
継,723
官,724
混,725
百,726
角,727
堂,728
録,729
圧,730
検,731
比,732
詳,733
提,734
杯,735
憶,736
司,737
駆,738
被,739
八,740
勇,741
撮,742
紹,743
固,744
順,745
隣,746
夕,747
玉,748
宮,749
象,750
描,751
従,752
荒,753
景,754
慮,755
純,756
適,757
型,758
悩,759
陽,760
妹,761
総,762
操,763
珍,764
換,765
羽,766
曲,767
製,768
徒,769
犬,770
研,771
辞,772
率,773
科,774
雨,775
載,776
布,777
授,778
扱,779
絵,780
枚,781
抗,782
森,783
編,784
鬼,785
潰,786
偉,787
区,788
暇,789
短,790
承,791
射,792
伸,793
究,794
鳥,795
丁,796
永,797
盗,798
積,799
遣,800
管,801
船,802
補,803
沢,804
荷,805
健,806
迫,807
晩,808
医,809
己,810
骨,811
庭,812
誤,813
建,814
屈,815
壁,816
境,817
至,818
監,819
展,820
縁,821
館,822
繰,823
鉄,824
預,825
殿,826
遺,827
嬢,828
華,829
照,830
衛,831
為,832
燃,833
寂,834
崩,835
幼,836
毒,837
快,838
南,839
課,840
仮,841
便,842
英,843
営,844
尾,845
揺,846
谷,847
歴,848
栄,849
嘘,850
句,851
肩,852
算,853
毛,854
到,855
懐,856
各,857
穴,858
嬉,859
脳,860
坊,861
宝,862
銀,863
織,864
策,865
致,866
評,867
草,868
闇,869
系,870
油,871
佐,872
否,873
損,874
輝,875
専,876
耐,877
焦,878
裕,879
染,880
柄,881
史,882
涙,883
距,884
棒,885
薄,886
欠,887
携,888
鼻,889
魚,890
包,891
幕,892
挑,893
清,894
締,895
節,896
老,897
複,898
推,899
腰,900
属,901
宅,902
吉,903
氏,904
遭,905
輪,906
虫,907
訪,908
衣,909
霊,910
随,911
吐,912
刑,913
威,914
殴,915
執,916
寒,917
妻,918
企,919
及,920
儀,921
政,922
敷,923
獄,924
祝,925
福,926
規,927
橋,928
恵,929
猫,930
那,931
七,932
旦,933
費,934
巨,935
祭,936
雪,937
稼,938
褒,939
倍,940
婦,941
呂,942
麗,943
秀,944
依,945
眼,946
偶,947
里,948
領,949
封,950
泊,951
芸,952
刀,953
伏,954
養,955
標,956
敬,957
庫,958
障,959
給,960
源,961
辛,962
拾,963
模,964
聖,965
魂,966
潜,967
討,968
恨,969
宙,970
微,971
陰,972
聴,973
秒,974
脅,975
震,976
含,977
統,978
板,979
酔,980
璧,981
臓,982
蔵,983
侵,984
趣,985
偽,986
埋,987
姫,988
曜,989
挙,990
努,991
躍,992
略,993
掃,994
狂,995
矢,996
巡,997
挨,998
叫,999
拶,1000
宇,1001
噂,1002
箱,1003
愚,1004
臭,1005
衝,1006
忍,1007
歯,1008
誇,1009
裂,1010
歓,1011
六,1012
測,1013
窓,1014
覧,1015
炎,1016
謎,1017
乾,1018
午,1019
財,1020
既,1021
善,1022
憎,1023
版,1024
額,1025
崎,1026
松,1027
勤,1028
招,1029
尻,1030
獣,1031
鍵,1032
唯,1033
雲,1034
施,1035
延,1036
誕,1037
袋,1038
雄,1039
域,1040
甲,1041
省,1042
徹,1043
隙,1044
菜,1045
皮,1046
沈,1047
択,1048
慌,1049
尊,1050
恩,1051
秋,1052
候,1053
卒,1054
鹿,1055
肌,1056
咲,1057
律,1058
露,1059
索,1060
劇,1061
即,1062
惜,1063
雰,1064
療,1065
浴,1066
賞,1067
召,1068
呪,1069
砂,1070
陣,1071
抵,1072
倉,1073
九,1074
駅,1075
列,1076
就,1077
鏡,1078
干,1079
般,1080
豪,1081
群,1082
誠,1083
譲,1084
占,1085
江,1086
請,1087
幻,1088
看,1089
扉,1090
坂,1091
銃,1092
河,1093
湯,1094
狭,1095
戒,1096
祈,1097
審,1098
奈,1099
斬,1100
酷,1101
児,1102
舎,1103
嫁,1104
充,1105
抑,1106
洋,1107
層,1108
環,1109
添,1110
陸,1111
宣,1112
裁,1113
匂,1114
飾,1115
叩,1116
称,1117
房,1118
魅,1119
罰,1120
厚,1121
停,1122
慎,1123
訓,1124
免,1125
忠,1126
掲,1127
汗,1128
竜,1129
拍,1130
床,1131
泥,1132
岩,1133
奮,1134
樹,1135
冬,1136
腐,1137
則,1138
蹴,1139
紅,1140
昇,1141
黄,1142
株,1143
遂,1144
縮,1145
踊,1146
漏,1147
賛,1148
匹,1149
柔,1150
札,1151
沙,1152
揮,1153
肝,1154
液,1155
泉,1156
筆,1157
漫,1158
富,1159
憧,1160
拳,1161
誌,1162
築,1163
瀬,1164
委,1165
米,1166
岡,1167
採,1168
催,1169
冒,1170
貫,1171
著,1172
衆,1173
諸,1174
桜,1175
誓,1176
縛,1177
揃,1178
豊,1179
穏,1180
伺,1181
伊,1182
犠,1183
創,1184
牲,1185
尋,1186
拒,1187
舌,1188
績,1189
麻,1190
祖,1191
乳,1192
獲,1193
競,1194
範,1195
鮮,1196
浅,1197
暑,1198
菓,1199
博,1200
硬,1201
牛,1202
臨,1203
章,1204
寺,1205
刃,1206
症,1207
雷,1208
針,1209
償,1210
氷,1211
郷,1212
易,1213
林,1214
透,1215
脚,1216
貧,1217
訴,1218
揚,1219
凶,1220
砕,1221
鋭,1222
遇,1223
災,1224
央,1225
烈,1226
仰,1227
植,1228
濃,1229
猛,1230
拝,1231
双,1232
康,1233
粉,1234
滑,1235
絞,1236
控,1237
副,1238
孫,1239
帝,1240
賢,1241
孤,1242
殊,1243
哀,1244
釣,1245
癖,1246
糸,1247
契,1248
塗,1249
齢,1250
廃,1251
徴,1252
津,1253
粋,1254
瞳,1255
鈴,1256
靴,1257
講,1258
跳,1259
覆,1260
紛,1261
紀,1262
鍛,1263
飼,1264
挟,1265
溶,1266
砲,1267
盾,1268
妖,1269
渉,1270
騎,1271
謀,1272
煙,1273
府,1274
季,1275
削,1276
賭,1277
拭,1278
販,1279
託,1280
傾,1281
憩,1282
怯,1283
飽,1284
叶,1285
翌,1286
卑,1287
玄,1288
億,1289
灯,1290
塞,1291
眺,1292
泳,1293
如,1294
熟,1295
凄,1296
磨,1297
凍,1298
癒,1299
棄,1300
劣,1301
緑,1302
綺,1303
幾,1304
掘,1305
膨,1306
寧,1307
徳,1308
裸,1309
卵,1310
繋,1311
雇,1312
幹,1313
鎖,1314
鈍,1315
虚,1316
惨,1317
湧,1318
机,1319
厄,1320
豆,1321
陥,1322
盤,1323
診,1324
酸,1325
廊,1326
狩,1327
県,1328
脈,1329
購,1330
喉,1331
励,1332
兼,1333
之,1334
煮,1335
鑑,1336
益,1337
塩,1338
堅,1339
刊,1340
龍,1341
把,1342
還,1343
署,1344
胆,1345
奏,1346
緩,1347
偵,1348
幅,1349
墓,1350
渋,1351
羅,1352
赦,1353
却,1354
械,1355
募,1356
籍,1357
池,1358
港,1359
縄,1360
寿,1361
寸,1362
是,1363
童,1364
嵐,1365
芝,1366
匠,1367
摘,1368
没,1369
帳,1370
逮,1371
督,1372
隅,1373
濡,1374
彩,1375
岸,1376
潔,1377
典,1378
葬,1379
繁,1380
淡,1381
銭,1382
妬,1383
釈,1384
涼,1385
排,1386
縦,1387
羨,1388
阻,1389
詮,1390
汰,1391
勧,1392
維,1393
脇,1394
浜,1395
逸,1396
皿,1397
僧,1398
撤,1399
膝,1400
翼,1401
唇,1402
慰,1403
垂,1404
刷,1405
唱,1406
惚,1407
伴,1408
爪,1409
也,1410
浸,1411
椅,1412
旧,1413
堪,1414
析,1415
柱,1416
痕,1417
乙,1418
斉,1419
拡,1420
喋,1421
騙,1422
誉,1423
剤,1424
幽,1425
呆,1426
革,1427
概,1428
汁,1429
枝,1430
溢,1431
貼,1432
肢,1433
潮,1434
履,1435
往,1436
狼,1437
鼓,1438
棚,1439
序,1440
澄,1441
贈,1442
愉,1443
傍,1444
紋,1445
献,1446
辱,1447
仏,1448
暖,1449
牙,1450
詞,1451
臣,1452
痴,1453
宗,1454
溜,1455
唐,1456
網,1457
讐,1458
叱,1459
喧,1460
雅,1461
巣,1462
霧,1463
凝,1464
敏,1465
睡,1466
眉,1467
紫,1468
蛇,1469
畑,1470
竹,1471
党,1472
漢,1473
患,1474
滞,1475
喫,1476
嘆,1477
賊,1478
隔,1479
州,1480
漂,1481
灰,1482
覗,1483
項,1484
悠,1485
戯,1486
捉,1487
喚,1488
噴,1489
罠,1490
嗅,1491
融,1492
妄,1493
桃,1494
航,1495
塊,1496
税,1497
乏,1498
馴,1499
亜,1500
拘,1501
仁,1502
芽,1503
絆,1504
籠,1505
皇,1506
嫉,1507
餌,1508
阿,1509
粒,1510
述,1511
噛,1512
翻,1513
錯,1514
欺,1515
濯,1516
促,1517
擦,1518
稿,1519
弄,1520
撫,1521
憂,1522
貰,1523
斐,1524
畳,1525
晶,1526
軒,1527
亀,1528
遮,1529
奉,1530
据,1531
胃,1532
粘,1533
粗,1534
梅,1535
賀,1536
喰,1537
沿,1538
嘩,1539
掴,1540
沸,1541
班,1542
歪,1543
虐,1544
帽,1545
蒸,1546
股,1547
壮,1548
妨,1549
這,1550
蓋,1551
虎,1552
塔,1553
徐,1554
鍋,1555
泡,1556
筒,1557
剥,1558
袖,1559
懲,1560
慈,1561
鎮,1562
須,1563
稽,1564
滴,1565
冊,1566
麦,1567
縫,1568
睨,1569
顧,1570
洞,1571
浪,1572
均,1573
軌,1574
怠,1575
酬,1576
侮,1577
辿,1578
忌,1579
乃,1580
湿,1581
捧,1582
臆,1583
庁,1584
糖,1585
豚,1586
旗,1587
渦,1588
舐,1589
覇,1590
窮,1591
卓,1592
農,1593
昧,1594
阪,1595
壇,1596
凡,1597
銘,1598
疎,1599
較,1600
智,1601
枕,1602
醜,1603
戚,1604
弓,1605
斜,1606
征,1607
貯,1608
披,1609
潤,1610
猿,1611
胞,1612
僚,1613
蘇,1614
零,1615
貨,1616
爽,1617
枯,1618
唾,1619
駐,1620
倫,1621
溺,1622
蒼,1623
旋,1624
槍,1625
偏,1626
揉,1627
笛,1628
瓶,1629
矛,1630
眩,1631
貌,1632
諾,1633
熊,1634
軟,1635
躊,1636
躇,1637
傘,1638
頷,1639
漁,1640
茂,1641
巧,1642
伯,1643
醒,1644
僅,1645
沼,1646
繊,1647
敢,1648
丘,1649
尚,1650
湖,1651
渇,1652
炭,1653
濁,1654
苛,1655
殻,1656
核,1657
朗,1658
宛,1659
頬,1660
呟,1661
曇,1662
蓄,1663
翔,1664
輸,1665
杉,1666
侍,1667
掌,1668
稲,1669
券,1670
賃,1671
喪,1672
囚,1673
遥,1674
漬,1675
涯,1676
艦,1677
稚,1678
鬱,1679
詫,1680
駒,1681
摩,1682
架,1683
綱,1684
票,1685
昭,1686
彦,1687
頻,1688
曖,1689
塚,1690
詐,1691
浦,1692
呑,1693
柳,1694
符,1695
粧,1696
戴,1697
浄,1698
垣,1699
兆,1700
塵,1701
詩,1702
漠,1703
慕,1704
鐘,1705
閃,1706
旨,1707
圏,1708
肯,1709
堵,1710
枠,1711
膜,1712
脂,1713
畜,1714
骸,1715
沖,1716
宴,1717
盟,1718
剛,1719
顎,1720
疾,1721
蓮,1722
憑,1723
貢,1724
伐,1725
衰,1726
飢,1727
剰,1728
薦,1729
杖,1730
俗,1731
妥,1732
哲,1733
缶,1734
礎,1735
妊,1736
荘,1737
轟,1738
仇,1739
悶,1740
拐,1741
鎧,1742
痺,1743
贅,1744
叔,1745
馳,1746
吊,1747
併,1748
囁,1749
拓,1750
纏,1751
惹,1752
抹,1753
膚,1754
滝,1755
貞,1756
耗,1757
奢,1758
堕,1759
鋼,1760
蔑,1761
繕,1762
艶,1763
穂,1764
尖,1765
錠,1766
愕,1767
咳,1768
罵,1769
寮,1770
克,1771
赴,1772
捻,1773
憤,1774
吾,1775
孝,1776
牢,1777
晒,1778
錬,1779
隆,1780
峰,1781
彫,1782
羊,1783
釘,1784
餅,1785
傑,1786
摂,1787
拙,1788
葛,1789
裾,1790
儲,1791
箇,1792
緯,1793
隷,1794
賑,1795
閣,1796
牧,1797
炊,1798
腫,1799
朱,1800
些,1801
訊,1802
抽,1803
冠,1804
憐,1805
斗,1806
嘲,1807
堀,1808
丹,1809
勿,1810
肥,1811
栗,1812
仙,1813
訝,1814
糧,1815
煩,1816
唸,1817
鷹,1818
穫,1819
扇,1820
婆,1821
挿,1822
弥,1823
鉢,1824
庇,1825
陶,1826
拗,1827
懇,1828
鶴,1829
逢,1830
佳,1831
燥,1832
胴,1833
冴,1834
肺,1835
舗,1836
滲,1837
謙,1838
怨,1839
綿,1840
棟,1841
崖,1842
芳,1843
肘,1844
陛,1845
弊,1846
煽,1847
窺,1848
凛,1849
爵,1850
冥,1851
梨,1852
迂,1853
紡,1854
邸,1855
擬,1856
珠,1857
寛,1858
崇,1859
撒,1860
亭,1861
虹,1862
窟,1863
胡,1864
括,1865
挫,1866
箸,1867
謹,1868
泰,1869
撲,1870
痩,1871
鶏,1872
俯,1873
悦,1874
俊,1875
舟,1876
蛮,1877
奔,1878
廷,1879
吠,1880
蜜,1881
蜂,1882
芯,1883
凌,1884
遜,1885
爺,1886
岐,1887
慨,1888
稀,1889
桐,1890
搬,1891
桁,1892
綾,1893
掻,1894
暁,1895
峙,1896
紐,1897
穿,1898
娠,1899
墜,1900
琴,1901
磁,1902
嗟,1903
菊,1904
径,1905
墨,1906
軸,1907
瓦,1908
紳,1909
萌,1910
簿,1911
喝,1912
斎,1913
匿,1914
畏,1915
頓,1916
宵,1917
襟,1918
姓,1919
粛,1920
鎌,1921
蝶,1922
苗,1923
棲,1924
拷,1925
漆,1926
乞,1927
噌,1928
髄,1929
槌,1930
傲,1931
咎,1932
刹,1933
綻,1934
咆,1935
顕,1936
腸,1937
搾,1938
恒,1939
猶,1940
腑,1941
盆,1942
甚,1943
批,1944
祥,1945
刈,1946
庶,1947
迅,1948
巾,1949
垢,1950
昏,1951
聡,1952
朽,1953
郵,1954
獅,1955
貝,1956
煌,1957
禍,1958
訂,1959
昂,1960
咄,1961
秩,1962
云,1963
霞,1964
虜,1965
菌,1966
丼,1967
諭,1968
鱗,1969
攣,1970
啓,1971
塾,1972
鞄,1973
芋,1974
邦,1975
兎,1976
澤,1977
湾,1978
宜,1979
培,1980
彷,1981
狐,1982
逝,1983
殖,1984
呻,1985
鉱,1986
溝,1987
瞑,1988
只,1989
詠,1990
某,1991
猟,1992
浩,1993
闊,1994
莫,1995
此,1996
呈,1997
擁,1998
踵,1999
勃,2000
哮,2001
淵,2002
萎,2003
貪,2004
筈,2005
軋,2006
鉛,2007
炉,2008
蘭,2009
婿,2010
佇,2011
轄,2012
孔,2013
郭,2014
睦,2015
恭,2016
儚,2017
搭,2018
膳,2019
埃,2020
曹,2021
賜,2022
帆,2023
洒,2024
厨,2025
牽,2026
嗜,2027
閥,2028
踪,2029
俳,2030
薙,2031
汲,2032
渾,2033
蔽,2034
鷲,2035
脆,2036
銅,2037
鞭,2038
頰,2039
慶,2040
盲,2041
需,2042
奨,2043
噓,2044
嚇,2045
疫,2046
柴,2047
逐,2048
淫,2049
辻,2050
串,2051
拉,2052
韻,2053
瞭,2054
巫,2055
朴,2056
炸,2057
羞,2058
愁,2059
陳,2060
囮,2061
瞼,2062
麺,2063
劫,2064
爛,2065
嚙,2066
践,2067
葵,2068
杏,2069
痙,2070
掠,2071
慄,2072
紗,2073
曰,2074
該,2075
灼,2076
騰,2077
朧,2078
倣,2079
薫,2080
檻,2081
淹,2082
閑,2083
蠢,2084
瑞,2085
欄,2086
狽,2087
焚,2088
瞥,2089
枢,2090
謳,2091
躙,2092
藍,2093
裟,2094
徨,2095
遍,2096
淀,2097
尉,2098
弘,2099
袈,2100
暦,2101
嗚,2102
挽,2103
猪,2104
咽,2105
雀,2106
韓,2107
玩,2108
廻,2109
皺,2110
槽,2111
屍,2112
殲,2113
尿,2114
雫,2115
耕,2116
酌,2117
剝,2118
媚,2119
妃,2120
抉,2121
蹂,2122
楚,2123
壺,2124
蜘,2125
蚊,2126
吟,2127
鞘,2128
笠,2129
媒,2130
喘,2131
絹,2132
摑,2133
賄,2134
蛛,2135
嬌,2136
烏,2137
昆,2138
醸,2139
餓,2140
摯,2141
嵌,2142
錆,2143
砦,2144
卿,2145
沌,2146
埒,2147
嶋,2148
遡,2149
弦,2150
楼,2151
旬,2152
繫,2153
飴,2154
又,2155
鳩,2156
廉,2157
蛍,2158
昌,2159
颯,2160
娯,2161
癪,2162
玲,2163
柵,2164
欧,2165
贄,2166
紺,2167
暫,2168
橘,2169
祐,2170
椎,2171
駕,2172
捌,2173
瀕,2174
凪,2175
凹,2176
圭,2177
蝕,2178
喩,2179
采,2180
釜,2181
咥,2182
竦,2183
措,2184
桂,2185
毅,2186
螺,2187
哉,2188
炒,2189
磯,2190
斧,2191
憲,2192
腔,2193
桶,2194
穢,2195
衡,2196
塀,2197
惧,2198
縋,2199
薇,2200
郊,2201
蕩,2202
莉,2203
薔,2204
岳,2205
淑,2206
痒,2207
隻,2208
糞,2209
搔,2210
秤,2211
髭,2212
厭,2213
茜,2214
豹,2215
沫,2216
屁,2217
礫,2218
肖,2219
腿,2220
辣,2221
汝,2222
窒,2223
勲,2224
掟,2225
唄,2226
酢,2227
剖,2228
閲,2229
雌,2230
棋,2231
疼,2232
棺,2233
唆,2234
憫,2235
亮,2236
尺,2237
彰,2238
笹,2239
煎,2240
躾,2241
傭,2242
吞,2243
隈,2244
瑠,2245
胎,2246
弔,2247
攫,2248
姐,2249
禄,2250
辰,2251
恰,2252
惰,2253
碧,2254
侶,2255
跨,2256
棘,2257
捲,2258
雛,2259
瓜,2260
璃,2261
侯,2262
姻,2263
孕,2264
醤,2265
循,2266
猥,2267
鼠,2268
竿,2269
逞,2270
逡,2271
洩,2272
絨,2273
墟,2274
篤,2275
譜,2276
恍,2277
糾,2278
篠,2279
狗,2280
姑,2281
茎,2282
殆,2283
蔓,2284
綴,2285
弛,2286
栓,2287
朦,2288
凜,2289
諜,2290
狡,2291
翠,2292
枷,2293
耶,2294
貶,2295
屑,2296
跪,2297
躱,2298
楓,2299
薪,2300
宰,2301
凸,2302
旺,2303
但,2304
毯,2305
套,2306
郡,2307
弧,2308
輔,2309
呵,2310
填,2311
竄,2312
享,2313
啜,2314
戮,2315
耽,2316
杞,2317
儘,2318
肪,2319
鳳,2320
捗,2321
遽,2322
其,2323
漕,2324
梁,2325
疇,2326
柿,2327
椿,2328
汽,2329
窪,2330
咀,2331
茨,2332
妾,2333
伽,2334
栽,2335
賓,2336
嚼,2337
靡,2338
緋,2339
藻,2340
嶺,2341
舵,2342
俵,2343
鴨,2344
顰,2345
硝,2346
茫,2347
涎,2348
叉,2349
擲,2350
醍,2351
摺,2352
憚,2353
迸,2354
緻,2355
捏,2356
膣,2357
兜,2358
藩,2359
累,2360
讃,2361
詣,2362
湛,2363
埼,2364
姦,2365
暢,2366
遙,2367
錦,2368
宏,2369
杭,2370
醐,2371
柏,2372
獰,2373
艇,2374
祓,2375
冶,2376
洪,2377
峠,2378
債,2379
仔,2380
堤,2381
陵,2382
唖,2383
熾,2384
眷,2385
斥,2386
燻,2387
眸,2388
謁,2389
滋,2390
祟,2391
樽,2392
屓,2393
藪,2394
貿,2395
煉,2396
轢,2397
膏,2398
霜,2399
濤,2400
矜,2401
茹,2402
翳,2403
斑,2404
裔,2405
苔,2406
贔,2407
呉,2408
芻,2409
褐,2410
燭,2411
宥,2412
鵜,2413
揄,2414
琥,2415
揶,2416
窃,2417
麓,2418
帥,2419
徊,2420
吼,2421
掬,2422
塁,2423
藁,2424
庄,2425
仄,2426
滓,2427
狸,2428
碗,2429
挺,2430
徘,2431
肋,2432
坦,2433
珀,2434
剃,2435
俄,2436
隕,2437
焉,2438
蟻,2439
駿,2440
頸,2441
忽,2442
飄,2443
咤,2444
嘉,2445
訣,2446
榊,2447
泌,2448
寵,2449
岬,2450
猾,2451
隼,2452
炙,2453
輿,2454
靭,2455
李,2456
絢,2457
殉,2458
饒,2459
曽,2460
傀,2461
巳,2462
播,2463
滾,2464
詛,2465
菅,2466
遷,2467
悸,2468
謂,2469
儡,2470
蛙,2471
朋,2472
矯,2473
薩,2474
憾,2475
寡,2476
后,2477
躯,2478
賠,2479
淳,2480
餐,2481
梗,2482
穀,2483
腺,2484
贖,2485
凱,2486
冤,2487
撥,2488
幣,2489
柚,2490
牡,2491
甥,2492
屠,2493
儂,2494
曾,2495
褪,2496
懺,2497
碑,2498
堰,2499
冑,2500
酵,2501
櫛,2502
齧,2503
禅,2504
癇,2505
桑,2506
拮,2507
噤,2508
譚,2509
悼,2510
靄,2511
祀,2512
怜,2513
娼,2514
燕,2515
卸,2516
或,2517
鞍,2518
巴,2519
嗤,2520
倖,2521
屯,2522
庵,2523
篭,2524
几,2525
蒔,2526
蒲,2527
哭,2528
鯉,2529
啞,2530
僭,2531
雁,2532
惣,2533
夷,2534
哨,2535
叡,2536
幡,2537
淋,2538
脊,2539
幌,2540
轍,2541
潟,2542
梓,2543
囃,2544
捩,2545
賂,2546
悍,2547
嘔,2548
訟,2549
董,2550
倦,2551
梯,2552
燈,2553
姪,2554
漲,2555
栖,2556
巷,2557
萩,2558
箋,2559
諫,2560
楠,2561
芥,2562
梳,2563
慧,2564
甦,2565
褄,2566
准,2567
暈,2568
辟,2569
睫,2570
坐,2571
嫡,2572
伍,2573
悴,2574
膠,2575
酎,2576
遁,2577
晦,2578
澱,2579
粟,2580
躓,2581
瘍,2582
鍔,2583
曝,2584
鮫,2585
苑,2586
伎,2587
軀,2588
陀,2589
餃,2590
晃,2591
憔,2592
鋒,2593
逅,2594
楯,2595
臥,2596
勾,2597
蟲,2598
渓,2599
痍,2600
瞰,2601
蒙,2602
樫,2603
芹,2604
柊,2605
邂,2606
顛,2607
柑,2608
謡,2609
迦,2610
蟹,2611
攪,2612
蕾,2613
嬲,2614
錐,2615
梶,2616
橙,2617
袴,2618
吻,2619
菱,2620
僥,2621
燐,2622
擢,2623
詭,2624
戟,2625
碁,2626
糊,2627
楊,2628
勅,2629
搦,2630
敦,2631
憮,2632
彗,2633
扶,2634
沁,2635
啖,2636
瘴,2637
蝋,2638
燦,2639
蹲,2640
尼,2641
洲,2642
庸,2643
渚,2644
苺,2645
彙,2646
窘,2647
彿,2648
扮,2649
魁,2650
屹,2651
榴,2652
瘦,2653
肴,2654
鉤,2655
汎,2656
噪,2657
椀,2658
峡,2659
丞,2660
賽,2661
寅,2662
附,2663
蔦,2664
杜,2665
托,2666
朶,2667
焔,2668
箒,2669
繍,2670
梢,2671
倶,2672
鯨,2673
煤,2674
蠱,2675
粥,2676
賤,2677
碌,2678
匙,2679
鞠,2680
涛,2681
濫,2682
叙,2683
樋,2684
饅,2685
畔,2686
誹,2687
痣,2688
藉,2689
鑽,2690
驕,2691
棍,2692
琢,2693
肛,2694
腎,2695
湊,2696
菩,2697
襖,2698
窄,2699
臼,2700
縷,2701
瞠,2702
旭,2703
箔,2704
舷,2705
禿,2706
椒,2707
组,2708
襞,2709
栞,2710
汐,2711
鯛,2712
坪,2713
烙,2714
涜,2715
祉,2716
於,2717
瞞,2718
簾,2719
繭,2720
膿,2721
噺,2722
檎,2723
嵩,2724
憊,2725
慟,2726
鹸,2727
翡,2728
壱,2729
條,2730
哄,2731
鮭,2732
謐,2733
膂,2734
芦,2735
函,2736
脛,2737
荻,2738
茸,2739
誅,2740
筑,2741
盃,2742
泄,2743
腱,2744
朔,2745
坑,2746
升,2747
蕎,2748
硫,2749
餞,2750
楔,2751
賦,2752
蓑,2753
亘,2754
桟,2755
蹄,2756
且,2757
萬,2758
壌,2759
縞,2760
謗,2761
洛,2762
鴉,2763
矮,2764
芒,2765
佑,2766
茉,2767
葡,2768
篇,2769
捷,2770
牌,2771
毟,2772
邁,2773
靱,2774
萄,2775
丑,2776
諍,2777
叛,2778
于,2779
刎,2780
斯,2781
榎,2782
蔭,2783
瑚,2784
巌,2785
魄,2786
蜃,2787
蛾,2788
睥,2789
嚢,2790
吏,2791
磐,2792
澪,2793
时,2794
嚥,2795
聳,2796
爬,2797
诸,2798
晰,2799
媛,2800
裡,2801
稜,2802
蠅,2803
凰,2804
撰,2805
毀,2806
悉,2807
姜,2808
祷,2809
翁,2810
茅,2811
鮎,2812
詈,2813
尤,2814
扈,2815
黎,2816
葱,2817
礁,2818
琉,2819
慇,2820
侠,2821
懃,2822
舶,2823
呷,2824
鷺,2825
郁,2826
弐,2827
跋,2828
阜,2829
卯,2830
禽,2831
劉,2832
靖,2833
僻,2834
遼,2835
做,2836
國,2837
祠,2838
嘯,2839
贋,2840
斡,2841
齟,2842
蝉,2843
鱈,2844
蹟,2845
斃,2846
紆,2847
齬,2848
袂,2849
塡,2850
壬,2851
麟,2852
憬,2853
頁,2854
灸,2855
遵,2856
珊,2857
对,2858
晋,2859
湘,2860
嘗,2861
桔,2862
恫,2863
磔,2864
乖,2865
檀,2866
曳,2867
仅,2868
猜,2869
虔,2870
妓,2871
哺,2872
臀,2873
堺,2874
拵,2875
楕,2876
醇,2877
瑛,2878
窩,2879
嘴,2880
磋,2881
听,2882
琲,2883
悧,2884
涸,2885
撼,2886
蠟,2887
眞,2888
痢,2889
槻,2890
衷,2891
珈,2892
侘,2893
间,2894
壕,2895
窯,2896
廣,2897
氾,2898
娶,2899
渕,2900
檜,2901
瑕,2902
习,2903
孵,2904
译,2905
栃,2906
穹,2907
嗄,2908
鬨,2909
耀,2910
櫻,2911
蝠,2912
鄙,2913
鳶,2914
訶,2915
逗,2916
綜,2917
蝙,2918
穣,2919
你,2920
秦,2921
奸,2922
魎,2923
卍,2924
酩,2925
酊,2926
昴,2927
琵,2928
臍,2929
咬,2930
而,2931
罹,2932
什,2933
吃,2934
淘,2935
琶,2936
碍,2937
堆,2938
訛,2939
顚,2940
蜴,2941
撹,2942
壷,2943
梱,2944
弩,2945
闖,2946
閻,2947
鋏,2948
睾,2949
业,2950
语,2951
愴,2952
玖,2953
癌,2954
腋,2955
幀,2956
沽,2957
祇,2958
蜥,2959
鉈,2960
狛,2961
峻,2962
杓,2963
篝,2964
饗,2965
鋳,2966
葦,2967
裳,2968
啼,2969
帛,2970
已,2971
俸,2972
抓,2973
嗣,2974
諏,2975
靂,2976
夥,2977
魍,2978
霹,2979
拌,2980
厩,2981
焰,2982
繡,2983
樺,2984
梟,2985
漸,2986
埠,2987
餡,2988
欒,2989
鎚,2990
啄,2991
誑,2992
訥,2993
毘,2994
瘤,2995
帖,2996
櫓,2997
趨,2998
餉,2999
佃,3000
笥,3001
藹,3002
鍬,3003
眈,3004
蠕,3005
懊,3006
澹,3007
滸,3008
请,3009
罷,3010
綽,3011
檄,3012
赫,3013
刮,3014
滔,3015
叢,3016
偲,3017
簒,3018
髏,3019
箪,3020
艘,3021
髑,3022
峯,3023
魑,3024
筧,3025
畠,3026
錫,3027
捺,3028
轴,3029
麒,3030
莢,3031
倹,3032
寥,3033
毬,3034
鏑,3035
茄,3036
趙,3037
麿,3038
牝,3039
爾,3040
剌,3041
站,3042
吧,3043
攘,3044
蝦,3045
翅,3046
酪,3047
疵,3048
燼,3049
迄,3050
逼,3051
悄,3052
衾,3053
饉,3054
盪,3055
宋,3056
鯖,3057
誼,3058
囀,3059
嘱,3060
駈,3061
厠,3062
筐,3063
眇,3064
羹,3065
凧,3066
蓬,3067
櫂,3068
囓,3069
帷,3070
菫,3071
厘,3072
瀧,3073
紬,3074
竈,3075
卦,3076
漿,3077
魏,3078
婉,3079
槙,3080
膀,3081
瀟,3082
陪,3083
醬,3084
蠍,3085
卜,3086
鋲,3087
恣,3088
蒐,3089
衒,3090
撓,3091
鋸,3092
會,3093
諺,3094
瀉,3095
杵,3096
侭,3097
簀,3098
濱,3099
砥,3100
亥,3101
辜,3102
蚕,3103
諌,3104
稟,3105
鍾,3106
沃,3107
麵,3108
么,3109
竟,3110
廟,3111
疹,3112
蛆,3113
絃,3114
瀾,3115
荼,3116
愾,3117
蛸,3118
乎,3119
按,3120
忖,3121
鰻,3122
齎,3123
罅,3124
蛭,3125
压,3126
犀,3127
芙,3128
訃,3129
蝿,3130
懣,3131
稔,3132
胱,3133
啊,3134
畿,3135
𠮟,3136
墳,3137
諒,3138
駁,3139
轡,3140
曙,3141
禊,3142
佩,3143
漱,3144
皐,3145
獪,3146
鏃,3147
这,3148
頽,3149
侑,3150
冨,3151
胤,3152
憺,3153
瀆,3154
欢,3155
个,3156
嬪,3157
傅,3158
为,3159
扁,3160
覿,3161
戌,3162
剪,3163
吝,3164
眦,3165
幇,3166
吽,3167
拿,3168
截,3169
无,3170
頒,3171
喊,3172
鰹,3173
瀑,3174
愧,3175
簪,3176
噎,3177
灌,3178
燗,3179
黴,3180
芭,3181
誂,3182
桿,3183
痔,3184
俣,3185
韋,3186
紘,3187
朕,3188
洟,3189
鵠,3190
螢,3191
嘶,3192
麾,3193
怩,3194
躰,3195
灘,3196
硯,3197
忸,3198
鍼,3199
鴻,3200
劾,3201
縊,3202
您,3203
屏,3204
剋,3205
舜,3206
聊,3207
瓢,3208
墾,3209
廓,3210
鍮,3211
雉,3212
蠣,3213
縺,3214
漣,3215
焙,3216
臂,3217
勒,3218
奧,3219
禱,3220
撻,3221
呢,3222
銚,3223
很,3224
峨,3225
粕,3226
说,3227
怎,3228
荊,3229
溌,3230
现,3231
亞,3232
兇,3233
迭,3234
泪,3235
烹,3236
棗,3237
蛋,3238
柩,3239
毫,3240
洸,3241
惟,3242
葺,3243
们,3244
舳,3245
劈,3246
濘,3247
凭,3248
鵺,3249
嶽,3250
艱,3251
涅,3252
閨,3253
錨,3254
坤,3255
坩,3256
堝,3257
租,3258
开,3259
牒,3260
蟬,3261
閤,3262
还,3263
闢,3264
濾,3265
籐,3266
恃,3267
猊,3268
鰐,3269
菖,3270
槇,3271
瑣,3272
輌,3273
琳,3274
鸚,3275
棹,3276
匡,3277
麹,3278
繚,3279
擽,3280
鶯,3281
虱,3282
沱,3283
熔,3284
邏,3285
过,3286
來,3287
儒,3288
鵡,3289
样,3290
纂,3291
滂,3292
话,3293
躁,3294
耄,3295
寓,3296
蜻,3297
蟠,3298
炯,3299
见,3300
竺,3301
聘,3302
錘,3303
瘡,3304
襤,3305
竪,3306
柘,3307
褻,3308
勁,3309
咫,3310
酉,3311
曼,3312
掩,3313
隘,3314
蛉,3315
銛,3316
螂,3317
氣,3318
箍,3319
哪,3320
褸,3321
倅,3322
浚,3323
綯,3324
跟,3325
諮,3326
梃,3327
肚,3328
蜀,3329
濛,3330
譫,3331
谢,3332
让,3333
榜,3334
动,3335
邑,3336
頚,3337
椋,3338
榛,3339
发,3340
矩,3341
塹,3342
欣,3343
脹,3344
敲,3345
堡,3346
襦,3347
蓉,3348
鴎,3349
揆,3350
实,3351
舅,3352
尸,3353
碇,3354
閂,3355
箕,3356
斂,3357
鹼,3358
賎,3359
鞋,3360
椰,3361
黑,3362
吗,3363
爱,3364
袢,3365
號,3366
雹,3367
膵,3368
櫃,3369
禰,3370
脾,3371
蟷,3372
梦,3373
宍,3374
鬣,3375
彬,3376
孟,3377
璽,3378
嵯,3379
髙,3380
嗯,3381
沐,3382
浣,3383
鉾,3384
鬚,3385
畢,3386
娑,3387
邊,3388
巽,3389
鼬,3390
斟,3391
糟,3392
涌,3393
炬,3394
鏖,3395
肇,3396
给,3397
冽,3398
濠,3399
觉,3400
娩,3401
奄,3402
肆,3403
寞,3404
騨,3405
諧,3406
游,3407
总,3408
别,3409
埜,3410
囊,3411
蟄,3412
找,3413
鑼,3414
关,3415
蕉,3416
嬰,3417
髯,3418
玻,3419
鄭,3420
學,3421
貂,3422
恢,3423
徽,3424
彌,3425
嘛,3426
她,3427
馨,3428
咒,3429
杳,3430
楢,3431
撞,3432
鉗,3433
筵,3434
柾,3435
潑,3436
梵,3437
麩,3438
碓,3439
魯,3440
剽,3441
抄,3442
黛,3443
舘,3444
霰,3445
匍,3446
齋,3447
呀,3448
謬,3449
袁,3450
哦,3451
经,3452
婢,3453
俟,3454
儿,3455
緞,3456
甕,3457
啦,3458
娜,3459
痰,3460
磊,3461
檸,3462
箝,3463
諷,3464
鹵,3465
囂,3466
宦,3467
詔,3468
鰭,3469
沓,3470
瓏,3471
尹,3472
糺,3473
匐,3474
檬,3475
凋,3476
誦,3477
應,3478
变,3479
进,3480
莱,3481
蕗,3482
謄,3483
箭,3484
衿,3485
籤,3486
鐵,3487
萱,3488
幟,3489
臙,3490
亦,3491
蟇,3492
槃,3493
藏,3494
恬,3495
喇,3496
聾,3497
鋤,3498
吶,3499
桧,3500
该,3501
蘊,3502
驀,3503
咸,3504
种,3505
丙,3506
边,3507
漉,3508
藝,3509
弑,3510
髷,3511
慚,3512
褥,3513
簞,3514
掉,3515
恕,3516
飜,3517
韜,3518
圃,3519
聚,3520
攀,3521
靠,3522
斤,3523
俱,3524
伙,3525
姥,3526
疚,3527
匣,3528
蕪,3529
銜,3530
糠,3531
鰯,3532
擾,3533
驟,3534
带,3535
獏,3536
縒,3537
桓,3538
从,3539
襷,3540
蝎,3541
汀,3542
皙,3543
摸,3544
晚,3545
强,3546
蘆,3547
鼎,3548
鑷,3549
每,3550
瀞,3551
軛,3552
蕃,3553
筍,3554
哥,3555
长,3556
难,3557
霆,3558
廠,3559
孩,3560
疱,3561
燎,3562
框,3563
宕,3564
鎬,3565
頗,3566
夾,3567
鐙,3568
薮,3569
鈎,3570
俎,3571
畝,3572
蛟,3573
牟,3574
它,3575
愿,3575
聯,3577
歉,3578
倭,3579
燵,3580
气,3581
殷,3582
问,3583
﨑,3584
鑿,3585
袱,3586
两,3587
蛹,3588
欽,3589
伜,3590
亨,3591
饐,3592
埴,3593
拜,3594
鵞,3595
盥,3596
错,3597
腥,3598
慾,3599
畦,3600
论,3601
喂,3602
胚,3603
收,3604
鼾,3605
蝗,3606
刳,3607
效,3608
蚤,3609
恙,3610
雖,3611
应,3612
款,3613
笙,3614
鬩,3615
拱,3616
與,3617
蝸,3618
註,3619
茗,3620
譬,3621
筏,3622
场,3623
匕,3624
穽,3625
头,3626
记,3627
傳,3628
窶,3629
團,3630
嫋,3631
喬,3632
閾,3633
緘,3634
蹙,3635
韮,3636
允,3637
扼,3638
怕,3639
虽,3640
楡,3641
鈿,3642
东,3643
昵,3644
鮒,3645
步,3646
仗,3647
试,3648
謔,3649
结,3650
痘,3651
懦,3652
歎,3653
駝,3654
褌,3655
紧,3656
颶,3657
渠,3658
冲,3659
份,3660
决,3661
办,3662
竣,3663
皓,3664
谁,3665
搏,3666
鯱,3667
庚,3668
隧,3669
榮,3670
终,3671
许,3672
盧,3673
懼,3674
肱,3675
满,3676
跑,3677
蓼,3678
魘,3679
虻,3680
輛,3681
拇,3682
奕,3683
瑪,3684
抛,3685
猩,3686
并,3687
冰,3688
佛,3689
夭,3690
諳,3691
劃,3692
錚,3693
羌,3694
范,3695
釧,3696
珪,3697
哈,3698
狢,3699
樣,3700
諤,3701
郞,3702
犇,3703
伤,3704
俠,3705
刚,3706
戎,3707
駱,3708
瑙,3709
聲,3710
蛤,3711
假,3712
綸,3713
喀,3714
门,3715
疋,3716
圓,3717
远,3718
薯,3719
帮,3720
頤,3721
禾,3722
廿,3723
倆,3724
寻,3725
绝,3726
戊,3727
輜,3728
發,3729
擂,3730
絲,3731
烦,3732
蕭,3733
负,3734
沛,3735
德,3736
诉,3737
芍,3738
睛,3739
护,3740
舒,3741
黍,3742
认,3743
虞,3744
實,3745
弃,3746
莞,3747
蚓,3748
蝮,3749
蚯,3750
怙,3751
嫣,3752
鉦,3753
渺,3754
蔡,3755
搞,3756
對,3757
鮨,3758
鴫,3759
瞋,3760
祢,3761
氈,3762
掏,3763
輻,3764
將,3765
廬,3766
鵬,3767
梧,3768
连,3769
迹,3770
邯,3771
戰,3772
甜,3773
战,3774
员,3775
沉,3776
备,3777
袷,3778
當,3779
确,3780
离,3781
处,3782
晨,3783
薊,3784
鬢,3785
縹,3786
們,3787
枡,3788
风,3789
讒,3790
飞,3791
聰,3792
叭,3793
题,3794
齊,3795
鄲,3796
惠,3797
嗇,3798
旁,3799
恚,3800
笏,3801
愈,3802
够,3803
苫,3804
责,3805
鞴,3806
卡,3807
閏,3808
擡,3809
暉,3810
谺,3811
籃,3812
樂,3813
嗾,3814
顫,3815
樱,3816
欅,3817
釦,3818
鸞,3819
畸,3820
處,3821
传,3822
陋,3823
兴,3824
淆,3825
转,3826
瓊,3827
轻,3828
體,3829
弼,3830
麼,3831
喵,3832
曠,3833
恶,3834
儺,3835
哇,3836
鑢,3837
壜,3838
罗,3839
苅,3840
桝,3841
撚,3842
沒,3843
盒,3844
蹌,3845
匪,3846
釉,3847
蕨,3848
霍,3849
视,3850
艾,3851
禦,3852
倚,3853
籾,3854
旱,3855
經,3856
緬,3857
稍,3858
崔,3859
圖,3860
瑾,3861
亲,3862
伶,3863
烟,3864
踉,3865
塒,3866
闪,3867
惇,3868
艮,3869
咦,3870
运,3871
搗,3872
槐,3873
鱒,3874
袍,3875
阳,3876
篩,3877
顆,3878
址,3879
跫,3880
哎,3881
预,3881
說,3883
疆,3884
艷,3885
踞,3886
點,3887
紮,3888
碩,3889
葭,3890
讓,3891
襄,3892
覺,3893
选,3894
鬘,3895
膾,3896
嶮,3897
马,3898
樵,3899
坡,3900
圀,3901
熨,3902
瑩,3903
复,3904
瑜,3905
陷,3906
颜,3906
鎗,3908
鼈,3909
掣,3910
繞,3911
慙,3912
鴛,3913
踝,3914
賁,3915
衍,3916
厉,3917
甫,3918
热,3919
崑,3920
乍,3921
變,3922
坚,3923
菟,3924
馥,3925
婁,3926
嗎,3927
亢,3928
乐,3929
狄,3930
逍,3931
崗,3932
鍍,3933
瑤,3934
坏,3935
嬴,3936
紊,3937
鉋,3938
樟,3939
邀,3940
鮪,3941
续,3942
龐,3943
雙,3944
戈,3945
擅,3946
偃,3947
稗,3948
赭,3949
歇,3950
鷗,3951
壽,3952
蹈,3953
笊,3954
线,3955
鴇,3956
胛,3957
聽,3958
翦,3959
煖,3960
塑,3961
侃,3962
类,3963
廂,3964
爸,3965
麝,3966
拥,3967
寇,3968
凉,3969
诶,3970
联,3971
璋,3972
戏,3973
媽,3974
癲,3975
罫,3976
瀝,3977
燿,3978
譴,3979
鮑,3980
臑,3981
忝,3982
查,3983
计,3984
亚,3985
蒜,3986
狒,3987
懂,3988
须,3989
达,3990
擱,3991
艫,3992
菰,3993
沮,3994
絣,3995
屛,3996
赶,3997
鏤,3998
靈,3999
僑,4000
關,4001
闍,4002
厌,4003
疏,4004
潭,4005
碎,4006
熄,4007
杷,4008
奶,4009
继,4010
寬,4011
买,4012
电,4013
濶,4014
綬,4015
呶,4016
况,4017
裃,4018
糕,4019
渥,4020
繻,4021
脸,4022
獺,4023
從,4024
鐸,4025
杢,4026
雍,4027
约,4028
值,4029
驢,4030
礒,4031
潘,4032
珂,4033
溯,4034
橈,4035
臈,4036
菲,4037
讨,4038
欝,4039
匁,4040
躑,4041
卷,4042
鯰,4043
疽,4044
篁,4045
张,4046
靜,4047
孺,4048
霄,4049
报,4050
賈,4051
襴,4052
鶫,4053
蛯,4054
脩,4055
箏,4056
纪,4057
庖,4058
搜,4059
辷,4060
怀,4061
總,4062
佞,4063
裝,4063
縣,4065
蜷,4066
禮,4067
頌,4068
笨,4069
毕,4070
兩,4071
揖,4072
劔,4073
懿,4074
晏,4075
悖,4076
刪,4076
秣,4078
枇,4079
慥,4080
趁,4081
諄,4082
捥,4083
砌,4084
悋,4085
瘧,4086
术,4087
义,4088
蓙,4089
闭,4090
彡,4091
园,4092
遗,4093
帶,4094
蕁,4095
躅,4096
諂,4097
录,4098
单,4099
队,4100
鎹,4101
澁,4102
蚩,4103
翰,4104
崙,4105
鯵,4106
偷,4107
隨,4108
誾,4109
艤,4110
屡,4111
忿,4112
佻,4113
髣,4114
浬,4115
茲,4116
酋,4117
证,4118
兌,4119
乘,4120
夙,4121
尔,4122
顏,4123
髴,4124
轉,4125
换,4126
譯,4127
盈,4128
弋,4129
棠,4130
羯,4131
细,4132
哂,4133
獨,4134
笈,4135
偸,4136
糜,4137
炮,4138
豫,4139
烽,4140
奋,4141
胜,4142
愍,4143
粂,4144
脑,4145
盡,4146
险,4147
鵯,4148
圣,4149
箴,4150
蓝,4151
樊,4152
龕,4153
仆,4154
萠,4155
调,4156
楷,4156
寨,4158
覯,4159
瑶,4160
猴,4161
煥,4162
击,4163
佗,4164
驪,4165
祁,4166
嶼,4167
椚,4168
攸,4169
顺,4170
节,4171
內,4172
錮,4173
淮,4174
鈷,4175
魃,4176
蒻,4177
埓,4178
红,4179
寐,4180
瘣,4180
鏝,4182
馮,4183
蛞,4184
慳,4185
鑠,4186
椛,4187
續,4188
懶,4189
闕,4190
哼,4191
呐,4192
輯,4193
疸,4194
萊,4195
鴦,4196
耆,4197
蝓,4198
厲,4199
貘,4200
嚆,4201
级,4202
諱,4203
狎,4204
妤,4205
灵,4206
增,4207
逓,4208
嚮,4209
丽,4210
羈,4211
尭,4212
堯,4213
鰓,4214
宸,4215
团,4216
歡,4217
杀,4218
娥,4219
竃,4220
师,4221
鄧,4222
启,4223
醫,4224
弗,4225
茣,4226
絽,4227
聟,4228
枉,4229
摇,4230
馆,4231
另,4232
议,4232
饭,4234
忆,4235
筮,4236
哟,4237
橇,4238
妈,4239
纒,4240
极,4241
杠,4242
筥,4243
矍,4244
务,4245
趾,4246
渊,4247
鰊,4248
諚,4249
华,4250
冀,4251
荀,4252
书,4253
羆,4254
歿,4255
颪,4256
腟,4257
蒟,4258
围,4259
繙,4260
薨,4261
车,4262
霽,4263
壹,4264
劲,4265
罐,4266
馭,4267
釵,4268
鸟,4269
唤,4270
扭,4271
慊,4272
舫,4273
惡,4274
畷,4275
寶,4276
莚,4277
輕,4278
婪,4279
识,4280
圈,4281
牆,4282
举,4283
繹,4284
侈,4285
酱,4286
剴,4287
馘,4288
蓆,4289
择,4290
擊,4291
蜿,4292
溂,4293
漑,4294
數,4295
简,4296
盞,4297
邉,4298
昊,4299
织,4300
仿,4301
兀,4302
监,4303
兒,4304
舍,4305
鶉,4306
籬,4307
夠,4307
驍,4309
跛,4310
辦,4310
莎,4312
跌,4313
碰,4314
銑,4315
观,4316
俥,4317
鰍,4318
滿,4319
悛,4320
繃,4321
禎,4322
壓,4323
臘,4324
鉞,4325
爷,4326
惊,4327
喙,4328
骗,4329
輦,4330
霖,4331
獠,4332
抖,4333
擒,4334
蝟,4335
瑰,4336
吵,4337
矣,4338
誡,4339
髻,4340
敌,4341
剩,4342
默,4343
岁,4343
慷,4345
鰌,4346
穆,4347
垓,4348
靏,4349
涵,4350
琪,4351
狷,4352
洵,4353
簑,4354
倾,4355
丿,4356
词,4357
谿,4358
楳,4359
杣,4360
楸,4361
甍,4362
坎,4363
糀,4364
怺,4365
旌,4366
宁,4366
塙,4368
蜒,4369
痾,4370
悽,4371
劍,4372
誨,4373
隋,4374
挂,4375
临,4376
众,4377
衙,4378
嘿,4379
拼,4380
妍,4381
划,4382
苓,4383
畫,4384
鳰,4385
跃,4386
仍,4387
豈,4388
跣,4389
蟀,4390
讀,4391
媼,4392
丝,4393
泛,4394
艸,4395
證,4396
薀,4397
蹉,4398
赧,4399
惶,4400
蔚,4400
遑,4402
賣,4403
陞,4404
挾,4405
盘,4406
枳,4407
鴒,4408
产,4409
砒,4410
饌,4411
薗,4412
辉,4413
啾,4414
谅,4415
响,4415
嗽,4417
樅,4418
繩,4419
卻,4420
汪,4421
楪,4422
苞,4423
裙,4424
夺,4425
闹,4426
跏,4427
姚,4428
态,4429
抒,4430
渣,4431
禪,4432
鶺,4433
扰,4434
﨟,4435
奘,4436
皎,4437
莽,4438
优,4439
设,4440
巍,4441
參,4442
异,4443
匈,4444
彪,4445
败,4446
楫,4447
诞,4448
藺,4449
籔,4450
疳,4451
噬,4452
彭,4453
賺,4454
燧,4455
佰,4456
顾,4457
稠,4458
幔,4459
絳,4460
旛,4461
蕊,4462
宫,4463
棕,4464
婀,4465
朵,4466
蒡,4467
梔,4468
创,4469
蹊,4470
帚,4471
畅,4472
祗,4473
舁,4474
薈,4475
橡,4476
轆,4477
顶,4478
鞣,4479
尝,4480
翫,4481
恤,4482
栂,4483
喃,4484
苟,4485
唉,4486
鱸,4487
翹,4488
价,4489
絕,4490
鑓,4491
倪,4492
醗,4493
旒,4494
勺,4495
嚴,4495
隐,4497
芬,4498
彎,4499
單,4500
覘,4501
屬,4502
據,4503
缺,4504
絮,4505
亂,4506
岱,4507
艀,4508
麴,4509
戀,4510
誣,4511
鵲,4512
谓,4513
卖,4514
斷,4515
閊,4516
抢,4517
银,4518
邵,4519
弹,4520
蜆,4521
竭,4522
熙,4523
廼,4524
惻,4525
迟,4526
轮,4527
琅,4528
臾,4529
墻,4530
环,4531
蜉,4532
弖,4533
妲,4534
繼,4535
眄,4536
恟,4537
疣,4538
补,4539
觀,4540
俘,4541
歸,4542
諛,4543
纓,4544
豐,4545
镜,4546
渐,4547
皴,4548
钱,4549
哩,4550
拂,4551
裹,4552
噢,4553
闻,4554
榔,4555
麭,4556
偕,4557
浙,4558
謖,4559
亏,4560
归,4560
欹,4562
叮,4563
耍,4564
晄,4565
岨,4566
骰,4567
叟,4568
禹,4569
噩,4570
窗,4571
辈,4572
貉,4573
剧,4574
蟒,4575
豁,4576
癸,4577
苹,4578
剄,4579
殘,4580
轤,4581
俩,4582
赛,4583
笔,4584
悌,4585
鰺,4586
树,4587
网,4588
幫,4589
鈞,4590
戛,4591
趺,4592
餘,4593
迪,4594
啣,4595
袿,4596
适,4597
巒,4598
錣,4599
區,4600
匆,4600
鸡,4602
鬧,4603
蝣,4604
鬥,4605
鬆,4606
腓,4606
费,4606
醉,4609
喔,4610
鸣,4611
亙,4612
则,4613
输,4614
啀,4615
鏢,4616
篆,4617
嫂,4618
癬,4619
跼,4620
嬶,4621
敞,4622
练,4623
拔,4624
释,4625
荏,4626
礙,4626
质,4628
檢,4629
稷,4630
烧,4630
隗,4632
傻,4633
俤,4634
雕,4635
陆,4636
戔,4637
縢,4638
掾,4639
较,4640
琦,4641
讲,4642
专,4643
襯,4644
盂,4645
蜚,4646
厖,4647
飩,4648
謨,4649
縅,4650
爻,4651
鵰,4652
鞆,4653
劳,4654
檣,4655
龙,4656
吓,4657
棉,4658
飘,4659
缪,4660
醂,4661
砧,4662
蹠,4663
炫,4664
鱧,4665
饂,4666
蒋,4667
煕,4668
导,4669
袭,4669
剱,4671
邃,4672
颱,4673
嚀,4674
樓,4675
湍,4676
盯,4676
躪,4678
茘,4679
櫚,4680
梠,4681
鰤,4682
鑚,4683
曉,4684
莨,4685
协,4686
虑,4686
帅,4688
桥,4689
蘿,4690
瑯,4691
蟋,4692
喽,4693
繪,4694
筺,4695
荣,4696
蔀,4697
錄,4698
获,4699
礬,4700
谈,4701
图,4701
稱,4703
颗,4704
皹,4705
绪,4706
泠,4707
势,4708
猖,4709
爭,4710
耿,4711
鰆,4712
倨,4713
徂,4714
傢,4715
积,4716
碼,4717
圆,4718
彈,4719
霏,4720
缝,4721
恼,4722
澗,4722
笞,4724
黝,4725
标,4726
狀,4727
谎,4727
躲,4729
误,4730
严,4730
酣,4732
浑,4733
懈,4734
轅,4735
燠,4736
购,4737
寫,4738
焜,4739
喞,4740
领,4741
臺,4742
圍,4743
簇,4744
梏,4745
衹,4746
尠,4747
权,4748
蹶,4749
惺,4750
珉,4751
桎,4752
鄴,4753
晓,4754
姬,4755
迈,4756
睿,4757
駭,4758
统,4758
雜,4760
釋,4761
滄,4762
显,4763
塘,4764
慫,4765
滉,4766
箆,4767
痼,4768
樗,4769
军,4770
橿,4771
咋,4772
楨,4773
贵,4773
挥,4775
罢,4776
奠,4777
卫,4778
职,4779
侏,4780
嗔,4781
邇,4782
兔,4783
彧,4784
鵙,4785
昱,4786
屎,4787
閒,4788
灭,4789
蟜,4790
潅,4791
阮,4792
霸,4793
紂,4794
枸,4795
渭,4796
燒,4797
鱼,4798
險,4799
嘻,4800
壞,4801
藥,4801
爲,4803
趕,4804
闲,4805
读,4806
邱,4807
丢,4808
檗,4809
餮,4810
萼,4811
怏,4812
櫟,4812
鞏,4814
歔,4815
擔,4816
蓮,4817
靨,4818
粮,4819
廆,4820
嶌,4821
喼,4822
貳,4823
鶸,4824
獗,4825
闌,4826
擞,4827
绵,4828
穎,4829
慂,4830
囈,4831
鐚,4832
湮,4833
瀛,4834
贝,4835
咖,4836
霙,4837
燁,4838
钟,4839
噗,4840
筅,4841
呜,4842
嘞,4843
籟,4844
樒,4845
徠,4846
臉,4847
苧,4848
斛,4849
扫,4850
弉,4851
躬,4852
閘,4853
户,4854
蘂,4855
兰,4856
艺,4856
簗,4858
悚,4859
饕,4860
銷,4861
晁,4862
啥,4863
迚,4864
覡,4865
孰,4866
漓,4867
毋,4868
涕,4869
姆,4870
僵,4871
槓,4872
腮,4873
牀,4874
剔,4875
咩,4876
郝,4877
甄,4878
輾,4879
嫦,4880
崭,4881
惘,4882
濵,4883
窈,4884
欷,4885
纯,4886
噸,4887
蜩,4888
驁,4889
杂,4890
忐,4891
忑,4891
凩,4891
衢,4894
觸,4895
馗,4896
猗,4897
狆,4898
羂,4899
彅,4900
矗,4901
叠,4902
仓,4903
佯,4904
懷,4905
吒,4906
瘠,4907
樾,4908
笄,4909
辮,4910
资,4911
丰,4912
膊,4913
偈,4914
暂,4915
瘢,4915
暎,4917
货,4918
膛,4918
贏,4920
瀋,4921
鱚,4922
唔,4923
柯,4924
髮,4925
帙,4926
颠,4927
燾,4928
崋,4929
纜,4930
萸,4930
彻,4932
摆,4932
俚,4932
瑁,4935
蔣,4936
輓,4937
估,4938
杰,4939
譏,4940
翊,4941
娃,4942
飆,4943
倩,4944
广,4945
咐,4946
册,4947
澎,4948
鴆,4949
殼,4949
滕,4951
儼,4952
惯,4953
迩,4954
莓,4955
铁,4956
诱,4957
芷,4958
舛,4959
栴,4960
岛,4961
淙,4962
癩,4963
纈,4964
褓,4965
摧,4966
薛,4966
衫,4968
虛,4969
孜,4969
际,4971
蜊,4972
甸,4973
罔,4974
匝,4975
繧,4976
铃,4977
僉,4978
鑵,4978
壟,4980
萍,4981
癈,4982
罩,4983
弯,4984
吩,4985
瘋,4985
廁,4987
瑟,4988
嵜,4988
岑,4990
椽,4991
兪,4992
藷,4993
鐺,4994
襁,4995
斌,4996
狱,4997
蕙,4997
鋪,4997
莹,5000
軼,5001
顯,5002
寔,5003
鏘,5004
淪,5005
规,5006
咧,5007
戍,5008
曺,5009
载,5010
伪,5010
厦,5012
顗,5012
枋,5014
甌,5015
扑,5016
輳,5017
舊,5018
爨,5019
軻,5020
絖,5021
咏,5022
渫,5023
冉,5024
柢,5025
幺,5026
襠,5027
榧,5028
辨,5029
疝,5030
戲,5031
篏,5032
氛,5033
扎,5034
涉,5035
塚,5036
溪,5037
慴,5038
缠,5039
兢,5039
罎,5041
澈,5042
汤,5043
竇,5044
阴,5045
祚,5045
湃,5047
汜,5048
奖,5049
鈔,5050
檮,5051
鲜,5052
营,5053
罌,5054
箙,5054
咢,5056
养,5056
鹹,5056
尨,5056
鰲,5060
瞒,5061
齐,5061
膺,5063
倡,5064
巓,5065
椙,5066
峥,5067
瘻,5068
戞,5069
绽,5070
顋,5071
软,5072
纸,5073
咯,5074
拖,5075
验,5076
泽,5077
拯,5078
鱶,5079
颸,5080
鐡,5081
豎,5082
櫨,5083
趟,5084
姨,5085
豺,5086
橫,5087
滚,5088
盖,5089
廩,5090
烨,5091
媾,5092
銓,5093
晟,5094
瞧,5095
闡,5096
缘,5097
纷,5098
脉,5099
鑒,5100
囉,5101
虧,5102
课,5103
纠,5104
儕,5105
拈,5106
翩,5106
犹,5106
夸,5109
访,5109
赞,5109
驒,5112
權,5113
喲,5113
喆,5115
嘟,5116
萃,5117
净,5117
幄,5119
毖,5120
侖,5121
痞,5122
插,5123
姶,5124
闥,5125
靺,5125
脣,5127
维,5128
灣,5128
蒹,5130
銈,5131
捐,5132
茱,5133
槿,5134
洽,5135
檳,5135
佈,5137
舩,5137
衞,5139
瞽,5140
螻,5141
隴,5142
栅,5143
澳,5144
戩,5145
翱,5146
睹,5147
顳,5148
髀,5149
迴,5150
噫,5150
巖,5152
糎,5153
閧,5154
饑,5155
鄰,5156
勞,5157
辽,5158
阵,5159
悵,5159
蚣,5161
菁,5162
减,5163
綏,5164
恪,5165
玛,5166
鹽,5167
劬,5168
掖,5169
覲,5170
鵄,5171
药,5172
篦,5173
耻,5174
纔,5174
扨,5176
垠,5177
饰,5178
榻,5179
媧,5180
呃,5181
曷,5182
嫩,5183
赢,5184
溫,5185
擇,5185
蜈,5187
涇,5188
騾,5189
烱,5190
莊,5191
罕,5192
炳,5193
羚,5194
炅,5195
曄,5196
胝,5197
揣,5197
舂,5199
搖,5200
屢,5201
艪,5202
珞,5203
擺,5204
駘,5204
薹,5204
苳,5207
濟,5208
傚,5208
鋩,5210
脏,5210
嚯,5210
葩,5213
忰,5214
层,5215
脫,5216
蛻,5217
饿,5217
测,5219
麃,5220
濞,5221
粽,5222
妳,5223
埈,5224
彊,5225
攬,5226
專,5226
顱,5228
嬬,5229
鰈,5230
錢,5231
块,5232
执,5232
鵤,5234
蕞,5235
剑,5236
檠,5237
篥,5238
韶,5239
琮,5240
廖,5241
荇,5242
旆,5243
眾,5244
历,5244
窖,5246
斩,5246
鞨,5248
諡,5248
赏,5250
牵,5251
瓣,5251
扣,5253
裲,5254
沾,5255
驃,5255
娟,5257
烤,5258
顥,5259
霓,5260
躄,5261
汞,5262
琺,5263
绍,5263
嫐,5265
羲,5266
梭,5267
硲,5268
驥,5269
篳,5270
违,5271
洙,5272
碕,5273
碾,5274
秉,5275
溥,5276
瓔,5277
贺,5278
丧,5279
甞,5280
畚,5281
犂,5282
價,5283
抬,5284
贴,5284
腳,5286
训,5287
丶,5288
庆,5289
渝,5290
毁,5291
哗,5291
彤,5293
粲,5294
栢,5295
宽,5296
蔬,5297
洄,5298
釗,5298
淅,5300
俑,5301
騷,5302
彳,5303
銕,5304
葫,5305
齣,5306
丕,5307
癡,5308
渙,5309
詢,5310
眥,5310
柝,5312
阱,5313
纵,5313
鴬,5315
逬,5316
胄,5317
暲,5318
邨,5319
漾,5320
渴,5321
褚,5322
皁,5323
穩,5324
煬,5324
黌,5326
癆,5327
姮,5328
醋,5329
墅,5330
揭,5331
靫,5331
镇,5333
愷,5333
粹,5335
嗨,5336
扯,5337
档,5338
昉,5338
椹,5340
嗦,5341
乌,5341
讖,5341
怡,5344
潸,5344
淺,5346
楮,5346
椴,5348
湎,5348
咿,5350
逻,5351
矧,5352
遲,5353
稳,5354
挡,5355
擎,5356
潁,5357
嶄,5358
厶,5358
废,5360
藨,5361
鎔,5362
渤,5363
榾,5364
扔,5365
鄒,5366
厥,5367
踠,5367
岷,5367
奎,5370
蹤,5371
摄,5371
丟,5373
苻,5373
饱,5375
禧,5376
甑,5377
濮,5377
鳧,5379
顴,5380
籌,5381
裴,5382
莇,5383
瀨,5384
塢,5385
孽,5386
痲,5387
挣,5388
蛎,5389
稈,5389
贓,5391
楝,5392
兮,5393
溟,5394
營,5394
喨,5396
骚,5397
崧,5397
莟,5399
仞,5400
库,5400
潛,5402
呱,5403
軫,5404
饼,5405
鐐,5405
薤,5407
驗,5408
昕,5409
卞,5410
犒,5411
殤,5412
簫,5413
瞻,5414
鞜,5415
璉,5416
嘖,5417
逹,5418
駛,5419
爍,5420
熏,5421
匱,5421
禺,5423
裵,5423
咕,5425
腦,5426
谋,5426
岫,5428
翟,5429
啻,5429
爰,5431
澡,5432
膽,5433
疥,5434
醺,5435
螳,5435
绘,5435
窕,5438
损,5439
朮,5440
欖,5441
訌,5441
黃,5443
瞎,5444
閖,5444
產,5446
琰,5447
杆,5448
乡,5449
评,5450
淚,5451
逵,5452
歐,5453
溺,5453
莲,5455
粍,5456
謦,5456
舉,5458
駑,5459
畤,5460
恂,5461
犢,5462
呸,5463
峪,5464
僂,5465
搶,5466
项,5467
峭,5468
詹,5469
络,5469
杼,5471
邺,5472
嘸,5473
雋,5474
戶,5475
钝,5475
吁,5477
櫺,5478
隱,5479
齪,5480
佶,5481
橄,5482
卉,5482
愼,5482
磬,5482
尘,5486
绊,5486
晕,5486
耘,5489
捣,5490
筬,5490
鵝,5492
盔,5493
熬,5494
艙,5494
摎,5496
鶚,5497
睺,5498
舸,5499
鬻,5500
旻,5501
鱇,5502
茴,5503
飫,5503
敎,5505
綵,5506
梛,5507
竊,5508
劒,5509
驛,5510
雞,5511
廢,5511
濺,5511
慘,5514
閔,5515
涿,5516
駸,5517
啪,5518
鈕,5519
羸,5520
苍,5521
猎,5521
撈,5523
奐,5523
暹,5525
澯,5525
黽,5527
睁,5528
廈,5528
凵,5530
萨,5531
针,5532
烂,5532
嬋,5532
寢,5535
韃,5536
黏,5537
沦,5538
鲁,5539
鮓,5540
蔗,5541
笘,5542
牺,5543
豬,5543
歲,5545
驅,5546
鹅,5547
墺,5548
钥,5548
陝,5550
冏,5551
胖,5552
簸,5553
縲,5554
溃,5554
孑,5554
侦,5557
靉,5557
閼,5559
裘,5560
簽,5561
啰,5561
谐,5561
鉅,5564
墙,5565
潼,5566
神,5567
忧,5568
弌,5568
贼,5570
殯,5571
鮟,5572
齷,5573
噯,5573
锵,5575
筰,5576
螫,5577
炷,5578
骑,5579
仭,5580
摔,5581
晤,5581
錺,5583
熒,5584
猷,5585
乂,5586
雾,5587
扬,5587
嚏,5589
鈑,5589
幢,5591
沥,5592
佚,5593
锐,5594
龜,5594
都,5596
饶,5597
殛,5598
钢,5599
蛄,5600
纳,5600
躺,5600
频,5600
繽,5600
艨,5605
详,5606
淨,5607
愎,5607
锁,5609
桀,5610
涂,5610
甯,5610
軈,5613
谦,5614
詡,5615
肓,5616
删,5616
坛,5618
嵬,5618
刄,5620
蘚,5621
萝,5621
鴟,5623
庠,5624
婬,5624
鮠,5626
藐,5626
儔,5628
键,5628
黯,5630
撩,5630
检,5630
牴,5630
詁,5634
咪,5635
枪,5635
篷,5637
吋,5638
磧,5639
烝,5640
滎,5641
磅,5642
润,5643
犲,5644
龗,5645
琬,5646
啡,5647
醪,5647
菴,5649
薰,5650
鏨,5650
赖,5652
羁,5652
蓐,5654
窿,5654
逕,5656
羡,5656
摠,5658
跚,5658
蒴,5658
鑫,5661
熈,5661
潯,5663
毐,5664
靼,5665
编,5665
嫖,5665
黐,5665
鎭,5669
递,5670
棧,5671
竞,5671
沂,5671
粱,5674
嚔,5674
廚,5676
粁,5677
堊,5677
繆,5679
炼,5680
仪,5680
褶,5680
杙,5680
謫,5680
烫,5685
售,5685
齒,5687
轨,5687
衂,5689
讚,5690
貓,5690
踩,5692
汇,5692
涓,5694
泗,5694
怫,5696
伦,5697
燹,5697
辭,5699
鴈,5699
筝,5701
臟,5701
额,5701
销,5701
胥,5701
廏,5706
獵,5706
鹤,5708
绕,5709
聪,5709
狠,5711
挖,5712
曦,5712
玫,5714
榀,5715
攝,5715
綠,5717
邻,5717
蹣,5717
勳,5717
潺,5717
厅,5722
覊,5722
豌,5724
玕,5725
甃,5726
缓,5727
晝,5728
烁,5729
褞,5730
鱠,5731
辯,5731
鵑,5731
麽,5734
婕,5735
裄,5736
慓,5736
葎,5738
姙,5739
鐔,5740
姸,5740
唷,5742
徑,5742
麁,5744
祿,5745
丫,5746
砺,5747
槎,5748
链,5749
靆,5749
骶,5751
菠,5751
砸,5751
譎,5751
礪,5751
踰,5756
蹇,5757
齦,5758
逊,5758
殃,5760
鎰,5761
圉,5761
鈺,5761
甩,5764
筌,5764
軾,5764
熕,5764
姊,5768
郃,5769
殭,5770
暝,5770
赚,5772
爐,5772
艟,5774
孚,5774
朏,5776
卅,5776
撕,5778
悳,5778
蹕,5780
闯,5780
瓮,5780
褫,5783
鷭,5784
瓚,5785
囗,5786
斫,5787
踢,5787
囹,5789
构,5790
洁,5790
鬮,5792
恆,5793
瑳,5793
髱,5793
闷,5796
笼,5796
縱,5798
蝴,5799
驱,5800
糯,5800
袞,5800
埵,5803
頴,5804
鯊,5805
鑞,5806
淇,5807
齲,5807
貊,5809
歟,5810
铺,5811
缚,5811
勸,5813
签,5813
瀰,5815
抚,5815
铭,5815
淸,5815
煜,5815
腾,5820
璟,5820
飮,5822
皰,5823
曩,5824
覓,5825
庞,5826
妁,5827
钻,5828
赌,5828
隲,5830
蕋,5831
翎,5832
籘,5832
谱,5834
禀,5834
觴,5834
鑄,5834
剿,5834
懒,5839
帧,5839
縉,5839
爼,5839
齡,5843
寃,5844
犧,5845
潴,5846
踴,5847
鰒,5847
臧,5849
稙,5849
诺,5851
鑁,5851
碣,5853
楹,5853
暘,5855
圄,5856
撐,5857
兽,5857
慵,5857
璞,5857
蜑,5861
咻,5862
讎,5863
粳,5864
茵,5865
銹,5866
挤,5867
赳,5867
诚,5869
瀚,5869
鼕,5869
螽,5869
涪,5873
廳,5874
桌,5874
纐,5874
弭,5877
貽,5878
赎,5878
緖,5880
阁,5880
儁,5880
咨,5883
顬,5883
闃,5883
咚,5886
檐,5887
蝨,5888
陜,5888
緣,5888
陌,5888
阶,5888
驾,5888
蘋,5894
坠,5895
擴,5895
誒,5897
醴,5898
蒿,5899
諶,5899
恁,5901
邢,5902
丐,5903
龔,5904
绑,5905
谜,5905
瞄,5905
緝,5905
薑,5905
霑,5905
蠡,5905
嫪,5912
淝,5912
苒,5914
赔,5914
筱,5916
订,5917
傴,5918
逭,5919
羇,5920
聆,5920
槨,5920
綮,5920
滌,5920
棵,5925
詑,5925
歷,5927
咱,5927
苏,5927
龄,5927
疗,5927
懍,5932
菘,5933
濕,5934
磚,5934
幷,5934
寰,5937
纖,5938
塌,5938
鄂,5938
轣,5938
馍,5938
圾,5943
冻,5944
郛,5944
莵,5946
匯,5947
蟾,5948
俐,5948
皖,5950
垃,5951
棱,5951
遏,5953
崛,5953
帑,5953
觚,5953
叺,5957
萇,5957
衲,5957
蕈,5960
聶,5960
撑,5962
挚,5962
繇,5964
煞,5965
痊,5965
冕,5965
湫,5965
郗,5965
鯣,5965
牾,5965
鄉,5972
戡,5972
灑,5974
駙,5975
譽,5976
駻,5976
饮,5976
鏞,5976
誥,5980
狹,5981
惱,5981
唰,5981
县,5981
梼,5985
睜,5986
瞶,5987
佼,5988
兗,5989
薐,5990
悬,5990
鞦,5990
俶,5990
扩,5994
僊,5994
穗,5996
皷,5996
燔,5998
搅,5999
糒,6000
麥,6001
轂,6002
凑,6002
巅,6002
夯,6002
繝,6006
轎,6007
冢,6008
髢,6008
藜,6008
閙,6008
鄱,6012
騅,6013
偿,6014
顿,6014
眨,6014
鐶,6014
輅,6018
槊,6019
兕,6020
柜,6020
篮,6022
挠,6022
覽,6024
譙,6024
崕,6024
暸,6027
撿,6028
拆,6028
僣,6028
榕,6028
羣,6028
叹,6033
袒,6033
顽,6033
污,6033
哝,6037
厰,6038
蔕,6039
桴,6040
浓,6041
峩,6041
颤,6041
骼,6041
皚,6041
渚,6046
审,6047
码,6047
黥,6047
醯,6050
馒,6051
蟆,6052
胁,6053
澆,6053
邳,6055
窝,6056
峽,6057
煉,6058
蘗,6059
咔,6060
簔,6060
紲,6060
髓,6063
戳,6063
筹,6063
洌,6066
覈,6066
氐,6066
贯,6066
啤,6066
摶,6066
邙,6066
郢,6066
擯,6066
砰,6075
嚊,6075
鍜,6077
眤,6077
佔,6079
谨,6079
骂,6079
帘,6079
讶,6079
稻,6084
喱,6084
緇,6084
蠹,6087
屆,6088
軆,6089
徙,6089
騏,6091
弴,6091
惆,6093
壼,6093
釿,6093
遉,6093
噔,6097
袤,6098
岔,6098
濂,6098
癘,6101
蘖,6101
帕,6103
譃,6103
怱,6105
鑰,6106
謊,6106
罚,6106
绩,6106
倔,6106
臚,6106
鑭,6106
璐,6113
噜,6114
嶷,6115
荳,6116
嘭,6117
貅,6117
穐,6119
迥,6120
荡,6120
宠,6120
汉,6120
疯,6120
崍,6125
仝,6126
篋,6127
敝,6127
忯,6129
犍,6130
莅,6131
昻,6132
叽,6132
胼,6134
骄,6134
茯,6136
觜,6136
唵,6138
孃,6139
鸦,6140
闔,6141
遶,6141
壑,6141
盜,6144
濑,6144
嘎,6144
箚,6144
呎,6144
鼇,6149
呰,6150
沔,6150
漳,6150
巔,6153
侽,6153
瀏,6153
蓊,6153
圜,6157
淤,6158
剳,6158
棊,6158
獻,6158
癋,6162
宾,6163
镰,6163
湣,6163
棣,6163
傕,6167
褲,6168
岭,6168
淞,6168
釆,6168
挹,6168
亟,6168
榭,6174
瘟,6175
霎,6176
跺,6176
诵,6176
簣,6176
鋺,6176
酥,6181
襪,6181
纱,6183
逛,6184
絎,6184
蕷,6186
顒,6187
磴,6188
璇,6189
财,6190
澜,6190
氓,6192
晧,6192
歆,6194
综,6195
绿,6195
兹,6195
锋,6195
膩,6195
鷸,6195
臻,6195
遐,6195
栩,6203
拊,6203
膓,6205
釐,6206
韆,6206
醱,6206
囿,6209
蜍,6210
贐,6210
膈,6210
鶻,6210
瓩,6210
殞,6215
欸,6216
閭,6216
罘,6216
拟,6219
鯔,6219
廝,6221
驩,6221
妒,6221
胧,6221
吭,6221
髦,6221
鞅,6221
籙,6228
疊,6229
呗,6230
抔,6230
燬,6232
邕,6232
汾,6234
嫗,6234
厮,6234
蘄,6234
蒯,6238
黷,6238
鉉,6240
旄,6240
徵,6242
鸳,6242
鸯,6242
觅,6242
眶,6242
驤,6242
尛,6242
糅,6242
湲,6242
溷,6242
杌,6252
鷄,6252
邈,6252
潦,6255
犁,6255
瞿,6255
耨,6255
揀,6259
翆,6260
囘,6260
璣,6262
皀,6262
𢌞,6264
瓠,6265
閬,6266
敖,6267
掂,6267
轗,6267
饋,6267
渟,6271
闓,6272
覬,6273
竝,6273
峴,6273
徧,6273
冈,6277
绫,6277
掎,6277
黠,6280
賴,6280
愤,6280
纹,6280
瞪,6280
廐,6280
湟,6280
黔,6280
啟,6288
钓,6288
嗷,6288
觔,6288
尓,6288
拏,6293
謠,6294
艚,6295
玠,6295
綉,6295
杤,6298
伟,6298
怦,6298
滬,6298
陟,6298
蚰,6298
曵,6298
拋,6305
祺,6305
歙,6305
昀,6305
嚠,6305
祕,6310
蚌,6310
糶,6310
褘,6313
蹭,6314
諸,6315
鵐,6316
荫,6317
济,6317
羔,6317
盼,6317
岂,6317
殄,6317
嚣,6317
涨,6317
绚,6317
琛,6317
泮,6317
燮,6317
泓,6317
誄,6317
巛,6331
耒,6331
螟,6331
祲,6331
喷,6335
膃,6335
煢,6337
閇,6337
菇,6337
擋,6337
缩,6337
珥,6337
葷,6337
綟,6337
樸,6337
頡,6337
嬖,6337
胭,6337
葢,6349
搨,6350
柞,6351
弽,6351
𠮷,6351
偐,6351
侣,6355
赐,6355
捡,6355
珎,6355
挎,6355
麸,6355
洮,6355
肄,6355
鑾,6355
储,6364
鯡,6365
榑,6365
雒,6367
闞,6368
徭,6369
迢,6369
癢,6369
獎,6369
栋,6369
莒,6369
锤,6369
抃,6369
艰,6369
硼,6369
妝,6369
隹,6369
埔,6369
礦,6369
苣,6383
凾,6383
辆,6383
晉,6383
妣,6383
荃,6388
腌,6389
鷽,6389
贍,6391
箐,6391
秕,6393
躡,6393
锅,6393
暄,6393
覩,6393
帋,6393
揩,6393
琊,6400
隶,6401
綰,6401
綁,6401
饵,6401
惕,6401
钩,6401
拨,6401
夹,6401
喻,6401
殱,6401
柒,6401
鬟,6401
紜,6401
渼,6414
墲,6415
獸,6415
毓,6417
囷,6417
馅,6417
僖,6417
豳,6417
睚,6417
嘅,6423
掀,6424
瘁,6424
荐,6424
蹐,6424
龟,6424
劝,6424
炽,6424
沪,6424
嚷,6432
緤,6432
籖,6432
奚,6435
覦,6436
髒,6436
劭,6436
陬,6436
桙,6436
杲,6436
㴽,6442
晳,6443
虬,6444
曚,6444
蠑,6446
鄯,6446
痳,6446
鷂,6449
肭,6449
淼,6449
菎,6449
徃,6453
舔,6454
皋,6454
诈,6456
绳,6456
辅,6456
伞,6456
灾,6456
遞,6456
茈,6456
孱,6456
汨,6456
泯,6456
淦,6456
緡,6467
蛀,6468
洶,6469
哐,6470
怛,6471
鶩,6472
哔,6472
隆,6472
寳,6472
諢,6472
氅,6472
緲,6472
椨,6479
蠻,6480
孙,6480
聢,6480
慍,6480
熹,6480
蠧,6480
偖,6480
魴,6487
赝,6488
壯,6488
緜,6488
弍,6491
萋,6491
嚓,6491
癰,6491
彝,6491
洱,6491
譟,6491
哆,6498
焱,6499
忉,6499
亿,6501
沧,6501
裨,6501
倥,6501
嚶,6501
唼,6506
簓,6507
侧,6507
赋,6507
垮,6507
僮,6507
蠖,6507
廡,6507
玳,6507
牠,6515
唧,6516
綝,6517
弸,6518
偬,6519
燉,6519
攔,6519
冐,6519
厓,6519
胯,6519
籏,6525
擧,6525
㠰,6525
厂,6528
栲,6528
鈩,6528
鏈,6528
鰥,6532
揍,6532
悅,6532
壤,6532
辙,6532
页,6532
阔,6532
蹦,6532
雎,6532
芟,6532
杮,6532
貔,6532
鸛,6532
蚋,6545
譁,6545
塋,6545
枫,6545
嘈,6545
錻,6545
蔘,6545
酛,6545
煦,6545
牘,6554
狻,6554
鍊,6556
哒,6556
櫑,6558
郿,6559
胶,6560
彔,6560
喟,6560
愬,6560
薜,6560
䀀,6565
薺,6566
歧,6566
荆,6566
辑,6566
澀,6566
錏,6566
挌,6566
椏,6566
冱,6566
迯,6575
扤,6575
肅,6577
穰,6577
珖,6577
珙,6577
蓴,6577
虾,6582
侫,6583
渗,6583
岌,6583
览,6583
娱,6583
轰,6583
趴,6583
妇,6583
叨,6583
睇,6583
邮,6583
冪,6583
鰕,6583
冦,6583
穉,6583
藕,6583
搆,6583
狃,6600
嚩,6601
塲,6602
霤,6603
贤,6604
噲,6604
仟,6604
佝,6604
鮹,6608
壻,6609
喳,6609
瞹,6611
柬,6611
呍,6611
璿,6611
酈,6611
硅,6616
萵,6616
跤,6616
翘,6616
厕,6616
垫,6616
玷,6616
苴,6616
陂,6616
齩,6625
罧,6626
哏,6626
夛,6628
溘,6628
贫,6630
揽,6630
毗,6630
紇,6630
濬,6630
璆,6630
撷,6630
豕,6630
昃,6638
㘣,6639
圻,6640
堙,6640
擠,6640
絁,6640
础,6640
诀,6640
淌,6640
縟,6640
圳,6640
嶇,6640
騫,6640
侗,6640
醵,6640
抂,6640
毮,6640
柁,6655
釡,6655
淄,6657
荵,6657
晢,6659
㘰,6659
蚪,6661
币,6661
蓿,6661
簷,6661
殪,6661
錵,6661
枘,6661
瀘,6668
锦,6669
蠎,6669
罡,6669
蠃,6672
㐲,6672
憋,6674
驭,6674
彥,6674
淒,6674
皸,6674
鰰,6674
餠,6674
鰡,6674
咜,6674
嫔,6674
餬,6674
晞,6685
鋹,6686
鹰,6686
楙,6688
蠲,6689
襍,6690
鉴,6690
欟,6690
磽,6690
銖,6694
岗,6694
炖,6694
窍,6694
胀,6694
匀,6694
靚,6694
逋,6694
潢,6694
痂,6694
畧,6694
袰,6694
嶠,6694
醢,6694
恠,6694
疔,6694
岾,6694
韵,6711
齔,6712
咴,6712
缔,6714
椥,6714
幗,6714
阡,6714
颷,6714
鷁,6714
鴗,6714
礑,6714
枩,6714
釭,6723
㤰,6723
羗,6725
愀,6726
蘰,6727
亶,6728
閦,6728
遖,6728
咾,6731
劑,6731
銳,6731
煲,6731
肃,6731
钧,6731
婴,6731
唳,6731
騁,6731
阯,6731
箜,6731
豉,6731
芾,6731
跎,6731
枹,6731
輒,6731
糢,6731
桩,6748
亻,6748
綫,6748
燄,6748
眛,6748
倏,6753
鯤,6754
魈,6755
莖,6756
烛,6756
旃,6756
庾,6756
檞,6756
訖,6756
槁,6756
勦,6756
孀,6756
曁,6765
痎,6765
鉑,6767
竅,6768
貮,6768
崚,6768
瓷,6768
脖,6768
噁,6768
歹,6768
碟,6768
拦,6768
腻,6768
剂,6768
穷,6768
巢,6768
阑,6768
葯,6768
蓁,6768
粃,6768
嶝,6768
杁,6768
濰,6768
汕,6768
酘,6768
跆,6768
翕,6768
擘,6768
黶,6768
沍,6768
羮,6795
脐,6795
笋,6795
㔰,6798
紝,6799
谭,6799
滯,6799
苜,6799
溲,6799
棪,6804
踐,6805
嬀,6806
駢,6807
福,6807
稾,6809
鶮,6810
尅,6811
綢,6811
侄,6811
盐,6811
桒,6811
嗝,6811
驶,6811
囎,6811
栫,6811
粤,6811
佟,6811
沅,6811
褊,6811
俛,6811
瑲,6825
㐰,6825
㳌,6827
鞁,6828
綛,6828
袮,6830
㴱,6831
厢,6832
搓,6832
隍,6832
閩,6832
虺,6832
缀,6837
罨,6838
餵,6838
腊,6838
聒,6838
糙,6838
禳,6838
惩,6838
鶇,6838
捶,6838
蟯,6838
汶,6838
嶂,6838
唏,6838
婧,6838
敍,6838
澑,6853
铛,6853
贪,6853
璜,6853
輙,6853
粢,6858
㜰,6858
筓,6860
儞,6860
壳,6862
跷,6862
譛,6862
伉,6862
猬,6866
鎩,6866
甁,6868
楞,6868
扛,6868
谣,6868
钵,6868
毙,6868
肮,6868
贊,6868
鳞,6868
浇,6868
铆,6868
驻,6868
荔,6868
墊,6868
陲,6868
篌,6868
邽,6868
窠,6868
芮,6868
羃,6868
嵎,6868
懾,6868
攅,6868
鑪,6868
弳,6892
耜,6893
豸,6893
噶,6893
询,6893
驎,6893
璨,6893
羿,6893
槲,6893
綃,6901
稘,6902
摮,6903
墮,6904
乔,6904
珮,6904
㐂,6904
榁,6904
俏,6904
詵,6904
廙,6904
訐,6904
溱,6913
槹,6914
暼,6914
鮃,6914
壘,6914
赠,6914
氧,6914
凯,6914
飒,6914
潇,6914
肤,6914
斓,6914
雳,6914
恳,6914
佣,6914
讽,6914
诡,6914
盎,6914
谊,6914
谬,6914
闐,6914
蔔,6914
哽,6914
戾,6914
隰,6914
衄,6914
絅,6914
郤,6914
逑,6914
靳,6914
郯,6914
羋,6914
縵,6914
磾,6914
薁,6914
畯,6914
秬,6914
悒,6914
纎,6914
臝,6914
鏗,6914
孳,6914
刘,6955
甬,6955
勵,6957
逾,6957
竚,6957
莠,6957
峅,6957
贇,6957
幞,6957
鷦,6957
鐫,6957
盌,6957
珏,6967
杦,6968
筠,6969
螭,6970
汴,6971
俅,6972
巐,6973
鍠,6973
靑,6975
嚐,6975
饲,6975
诊,6975
陈,6975
蜡,6975
韭,6975
齕,6975
攜,6975
衽,6975
滷,6975
裊,6975
爿,6975
枴,6975
蠊,6975
芫,6975
噦,6975
桷,6975
猪,6975
簶,6975
汯,6975
黮,6996
侲,6997
蔟,6997
敨,6997
鋧,7000
卆,7000
扟,7000
袗,7003
繖,7003
蝌,7003
繒,7003
謌,7003
懴,7003
缸,7003
扳,7003
诗,7003
诅,7003
呦,7003
贱,7003
樁,7003
帐,7003
屐,7003
鷙,7003
梆,7003
蕚,7003
壙,7003
韲,7003
繿,7003
奩,7003
柎,7003
絛,7003
幃,7003
遒,7003
賚,7003
寤,7003
瑋,7003
㸱,7003
蘺,7033
贡,7034
澠,7034
臏,7034
鵼,7034
傔,7034
溽,7034
慭,7034
豼,7034
㴳,7034
獟,7043
嗬,7044
汩,7044
砿,7044
曈,7047
俉,7048
玘,7048
庐,7048
襭,7051
懋,7052
垜,7052
煇,7052
刨,7052
呬,7052
摡,7052
樛,7058
毳,7058
輟,7058
麈,7058
掙,7058
闆,7058
剡,7058
筷,7058
愣,7058
嘣,7058
妆,7058
狮,7058
铲,7058
呣,7058
账,7058
钉,7058
窥,7058
砍,7058
皱,7058
蘸,7058
槳,7058
曬,7058
茬,7058
绞,7058
骤,7058
壶,7058
农,7058
膻,7058
祸,7058
醮,7058
姒,7058
蠶,7058
脃,7058
迺,7058
萓,7058
泙,7058
丨,7058
璠,7058
髥,7058
坥,7058
伷,7058
橛,7058
筦,7058
靧,7058
嶸,7058
伃,7058
楬,7058
絜,7058
髫,7058
皈,7107
瀁,7108
窸,7108
犽,7108
螈,7108
甤,7108
淯,7108
宓,7108
氂,7108
姝,7108
潵,7117
铜,7118
戉,7118
粼,7118
眭,7118
鴿,7118
蚫,7118
孥,7118
憖,7118
鮴,7118
㴡,7118
浥,7128
侔,7129
蛔,7129
黜,7129
恊,7129
奬,7129
盍,7129
釼,7129
啧,7129
窜,7129
拽,7129
辩,7129
濒,7129
债,7129
卧,7129
腆,7129
吕,7129
雏,7129
镶,7129
溅,7129
倘,7129
锻,7129
芜,7129
蚀,7129
秽,7129
鬃,7129
诲,7129
迁,7129
涩,7129
蹋,7129
呕,7129
瘾,7129
绅,7129
怵,7129
鄽,7129
跖,7129
肠,7129
刁,7129
刧,7129
舖,7129
琿,7129
冼,7129
鄢,7129
齮,7129
莆,7129
陘,7129
鄔,7129
澂,7129
勛,7129
厙,7129
珸,7129
閱,7129
殂,7129
袵,7129
惝,7129
怳,7129
橅,7129
蟖,7129
駟,7129
惓,7129
孖,7129
澣,7129
鞐,7129
橢,7129
荅,7129
榲,7129
灝,7129
挘,7129
灞,7129
尐,7197
砡,7197
睟,7199
鄀,7199
䏜,7199
埀,7202
涔,7202
佬,7202
椢,7202
稹,7202
晙,7202
傪,7202
畆,7202
蛩,7202
嬾,7202
湥,7202
僾,7213
嚕,7214
浟,7214
挈,7216
椶,7216
妺,7216
蠛,7216
嚟,7216
谍,7216
檔,7216
泱,7216
鞫,7216
珩,7216
鬯,7216
蒭,7216
聿,7216
罣,7216
衵,7216
咡,7216
頻,7216
鎺,7216
㤲,7216
圷,7235
獥,7236
湩,7237
㤳,7237
蕘,7239
癟,7239
㔽,7239
秧,7242
釀,7242
惲,7242
眴,7242
鸢,7242
喏,7242
蠆,7242
韧,7242
嗒,7242
蜓,7242
醃,7242
㟢,7242
廛,7242
珣,7242
佾,7242
煨,7242
弈,7242
濹,7242
殍,7242
秭,7242
甎,7242
餝,7242
餾,7242
釛,7242
羝,7242
儉,7242
佉,7268
㠀,7268
摢,7270
暥,7270
帤,7270
巹,7273
孁,7273
鶲,7273
攢,7273
笵,7273
弰,7273
湡,7273
彲,7273
㴾,7273
攞,7282
眯,7282
灿,7282
鋕,7282
唀,7282
敤,7282
噅,7288
簠,7288
簋,7288
抳,7288
酖,7288
夂,7288
侚,7288
罄,7288
碴,7288
暧,7288
爹,7288
袜,7288
赃,7288
绷,7288
滩,7288
挪,7288
琐,7288
琼,7288
碳,7288
捞,7288
摊,7288
僞,7288
麋,7288
鄕,7288
瞩,7288
纣,7288
霾,7288
烊,7288
婭,7288
巵,7288
馹,7288
媄,7288
皜,7288
肜,7288
鸕,7288
鼐,7288
縑,7288
嵋,7288
擤,7288
鐃,7288
靦,7288
瓈,7288
泅,7288
貲,7288
儷,7288
飭,7288
懌,7288
杪,7288
櫪,7288
槧,7288
匏,7288
頏,7288
麕,7288
葆,7288
瀲,7288
矇,7288
崢,7288
冾,7288
橦,7288
偁,7288
擶,7288
竑,7288
嚃,7350
榃,7350
誃,7350
䦃,7350
雩,7354
㤽,7354
㡛,7356
墹,7357
㐣,7358
噼,7359
泞,7359
鯒,7359
㐽,7359
蓜,7363
埖,7364
哞,7364
嗡,7364
窣,7364
岼,7364
逶,7364
盱,7364
眙,7364
罾,7364
盻,7364
枃,7364
慲,7364
娂,7364
懆,7377
㰀,7378
晣,7379
瑡,7380
㷘,7381
㥗,7381
陏,7383
鰾,7383
阨,7383
昤,7383
愠,7383
躋,7383
俿,7383
莪,7383
圦,7383
垤,7383
飃,7383
勣,7383
鯑,7383
偌,7383
毱,7383
燙,7383
灶,7383
泫,7383
沟,7383
忏,7383
篑,7383
睐,7383
颈,7383
鸽,7383
凤,7383
泼,7383
惭,7383
贩,7383
纤,7383
阅,7383
颇,7383
缥,7383
缈,7383
艳,7383
铅,7383
撂,7383
讳,7383
骇,7383
狈,7383
鶴,7383
缤,7383
镖,7383
钦,7383
渔,7383
仑,7383
栏,7383
驰,7383
鸭,7383
攒,7383
耸,7383
韩,7383
谙,7383
罸,7383
扒,7383
睢,7383
莯,7383
筲,7383
漪,7383
噻,7383
嘍,7383
夲,7383
矫,7383
觊,7383
觎,7383
盏,7383
虏,7383
獷,7383
擄,7383
攤,7383
衬,7383
棆,7383
椈,7383
遼,7383
蝲,7383
旙,7383
瓯,7383
乕,7383
濊,7383
曻,7383
桄,7383
峒,7383
玵,7383
琢,7383
悝,7383
攷,7383
祜,7383
鷯,7383
勗,7383
邾,7383
禕,7383
埣,7383
縝,7383
滇,7383
觝,7383
鬂,7383
幘,7383
晷,7383
謾,7383
蕀,7383
笳,7383
攄,7383
匇,7383
矚,7383
嫻,7383
釞,7383
艝,7383
鰮,7383
棰,7383
犾,7383
捫,7383
鴃,7383
愨,7383
㐜,7383
冋,7383
荪,7383
筚,7383
唎,7383
鬪,7383
罟,7383
詼,7383
痿,7383
瘉,7383
扞,7383
蝪,7383
岏,7383
菽,7383
娉,7383
遯,7383
殫,7383
忤,7383
崟,7383
愆,7383
氤,7383
穡,7383
簧,7383
徼,7383
勍,7383
倞,7383
勹,7383
敶,7383
䔯,7383
彴,7383
鋿,7525
䔢,7526
㲙,7527
嗢,7528
㽚,7528
䯥,7530
玦,7531
㸀,7531
壩,7533
陨,7533
娅,7533
嘀,7533
飕,7533
萧,7533
樞,7533
鶤,7533
夔,7533
鈇,7533
塀,7533
纛,7533
噉,7533
絏,7533
彽,7533
愡,7533
皞,7533
娀,7533
扆,7533
㴴,7533
馚,7553
蠀,7553
嬅,7555
甀,7555
𤏋,7557
芩,7558
忒,7559
氫,7559
绰,7559
屉,7559
烘,7559
螃,7559
锄,7559
璀,7559
禫,7559
蟶,7559
啐,7559
紓,7559
仨,7559
聹,7559
袙,7559
簟,7559
沴,7559
慬,7559
牥,7559
祰,7559
弲,7559
萀,7559
㴰,7559
㴸,7559
㱦,7583
脀,7584
摥,7584
歺,7586
摭,7586
雯,7588
㠷,7588
炻,7590
渀,7590
鈀,7592
栀,7592
貃,7594
䎃,7594
䐆,7594
鸵,7597
魷,7597
嘁,7597
吴,7597
獬,7597
霉,7597
拢,7597
瘫,7597
嚎,7597
砵,7597
茕,7597
锚,7597
踱,7597
牯,7597
麪,7597
蘼,7597
豨,7597
頞,7597
者,7597
蕕,7597
鉸,7597
玥,7597
滙,7597
剞,7597
牋,7597
腭,7597
蚢,7597
掇,7597
瑮,7597
㸲,7597
㩞,7597
㪈,7597
㴷,7597
㴹,7597
嵘,7631
秌,7632
鄆,7632
祐,7634
棽,7634
枔,7634
㶙,7634
縀,7638
潥,7638
棈,7640
䴪,7641
韈,7641
枦,7641
钁,7641
昿,7641
鏜,7641
胳,7641
烩,7641
裤,7641
踹,7641
纽,7641
贞,7641
尴,7641
尬,7641
蒂,7641
錀,7641
骷,7641
绒,7641
臊,7641
啵,7641
囔,7641
捂,7641
驯,7641
啕,7641
讧,7641
曆,7641
鲷,7641
楣,7641
蜋,7641
睏,7641
舰,7641
頹,7641
糰,7641
忱,7641
篶,7641
愓,7641
鈐,7641
琭,7641
埸,7641
暠,7641
謇,7641
忻,7641
唹,7641
邠,7641
瑗,7641
琫,7641
丗,7641
蹰,7641
鱩,7641
鍚,7641
殺,7641
氵,7641
蚶,7641
竽,7641
癎,7641
栁,7641
魲,7641
鶍,7641
崐,7641
獒,7641
禛,7641
猱,7641
絷,7641
曛,7641
颺,7641
儻,7641
桾,7641
歛,7641
垪,7641
墩,7641
惴,7641
鼹,7641
礴,7641
浹,7641
茆,7641
驂,7641
戢,7641
僴,7641
檍,7641
儋,7641
巉,7641
佖,7641
寀,7641
賡,7641
旡,7641
珱,7641
幪,7641
敩,7641
㐱,7641
㠳,7641
柙,7641
宪,7732
莄,7733
鴾,7733
桵,7733
橑,7733
芊,7737
阂,7737
幖,7739
弶,7739
䐋,7739
凮,7742
㯍,7742
㘳,7742
㗚,7745
轜,7745
嬄,7745
䅂,7745
橵,7745
挧,7750
鈆,7750
梍,7750
餔,7750
楴,7750
殀,7750
冩,7750
琇,7750
垳,7750
骭,7750
峵,7750
憙,7750
袓,7750
蟢,7750
隸,7750
沬,7750
硺,7750
凬,7750
猯,7750
倬,7750
㹠,7750
悮,7750
燴,7750
呿,7750
攏,7750
剷,7750
臬,7750
鲨,7750
掺,7750
亵,7750
渎,7750
涡,7750
齿,7750
滥,7750
拴,7750
缉,7750
颁,7750
搁,7750
鳖,7750
腼,7750
遴,7750
惦,7750
撬,7750
捅,7750
蚂,7750
蚁,7750
拣,7750
蔼,7750
伫,7750
掳,7750
浆,7750
亖,7750
踮,7750
嗰,7750
佢,7750
讴,7750
鸿,7750
衔,7750
垒,7750
辫,7750
饥,7750
贸,7750
恸,7750
锯,7750
悯,7750
竖,7750
谕,7750
缎,7750
饪,7750
丛,7750
氦,7750
镁,7750
磷,7750
痹,7750
跄,7750
钙,7750
柠,7750
颊,7750
旷,7750
绶,7750
恿,7750
觑,7750
缭,7750
镯,7750
庙,7750
侩,7750
铠,7750
镌,7750
蔷,7750
蹬,7750
鶙,7750
砖,7750
赘,7750
懵,7750
騖,7750
韌,7750
淩,7750
癮,7750
涟,7750
敕,7750
绎,7750
杨,7750
滊,7750
娇,7750
鉏,7750
嗆,7750
竸,7750
繳,7750
歼,7750
帜,7750
韬,7750
颓,7750
饯,7750
殮,7750
嗓,7750
埕,7750
怅,7750
貎,7750
冇,7750
哢,7750
屌,7750
蜇,7750
亠,7750
鷓,7750
鴣,7750
踟,7750
蚉,7750
羽,7750
楾,7750
垧,7750
鼯,7750
朿,7750
晀,7750
類,7750
瑬,7750
郅,7750
娍,7750
竢,7750
赱,7750
鱆,7750
纉,7750
礽,7750
馱,7750
雱,7750
崆,7750
潞,7750
禔,7750
鵈,7750
頊,7750
嵊,7750
瑀,7750
厝,7750
鯏,7750
遹,7750
顓,7750
贛,7750
裒,7750
鄄,7750
侂,7750
愔,7750
璩,7750
諝,7750
鞬,7750
鬬,7750
澧,7750
鬲,7750
泚,7750
晴,7750
鵫,7750
亰,7750
硃,7750
飈,7750
裀,7750
絋,7750
郄,7750
蝀,7750
柹,7750
囑,7750
舄,7750
觳,7750
觫,7750
脯,7750
巠,7750
戕,7750
彘,7750
耡,7750
怗,7750
摚,7750
澟,7750
閹,7750
槭,7750
淲,7750
竫,7750
摽,7750
醞,7750
齶,7750
鯢,7750
蛬,7750
𧏛,7750
哿,7750
忚,7750
雤,7750
㑊,7750
倻,7750
鋠,7750
闫,7750
骜,7750
訇,7750
朷,7750
伓,7750
荭,7750
鐬,7750
篾,7750
鎏,7750
鑊,7750
昶,7750
陦,7750
憍,7750
䯊,7750
縠,7750
羶,7750
縻,7750
媵,7750
菪,7750
粦,7750
攲,7750
悃,7750
沺,7750
蘢,7750
尞,7750
珒,7750
珵,7750
琩,7750
瑢,7750
硤,7750
靖,7750
荢,7750
蘒,7750
秂,7750
罇,7750
彁,7750
濳,7750
偆,7750
奛,7750
綣,7750
烜,7750
軿,7750
餲,7750
隄,7750
廋,7750
縡,7750
髞,7750
輊,7750
鏽,7750
匚,7750
笆,7750
暾,7750
碪,7750
謚,7750
鵆,7750
齠,7750
橖,7750
緌,7750
梲,7750
秡,7750
冖,7750
涖,7750
奣,7750
梺,7750
膕,7750
鍘,7750
㲪,7750
貍,7750
颴,7750
鄞,7750
韞,7750
邴,7750
宬,7750
悰,7750
藂,7750
㮙,7750
浤,7750
㞦,7750
惎,7750
洎,7750
翺,7750
楶,7750
簴,7750
瑴,7750
懬,7750
諴,7750
忞,7750
嵲,7750
楩,7750
悊,7750
歃,7750
竰,7750
乢,7750
嬠,7750
潣,7750
哘,7750
敳,7750
㔳,7750
㐳,7750
㡿,7750
胊,7750
猀,7750
漀,7750
瀀,7750
㔲,7750
㑺,7750
㴶,7750
㸰,7750
畺,7750
桳,7750
卟,8065
𣱿,8065
錡,8065
靛,8065
玟,8065
帀,8065
㾙,8065
涃,8065
䳼,8065
㴲,8065
畨,8065
垄,8076
叵,8076
誐,8076
凞,8076
兊,8076
猅,8076
餒,8076
勐,8076
硨,8076
磲,8076
䎌,8076
㨩,8076
㘽,8076
㜽,8076
䞃,8076
櫛,8076
嘚,8092
轌,8092
鍈,8092
揷,8092
鱲,8092
弇,8092
窼,8092
猇,8092
塤,8092
橸,8092
嘵,8092
黨,8092
弢,8092
㜹,8092
㯌,8092
蚱,8092
蚬,8092
簩,8092
㜳,8092
㴵,8092
畲,8092
嘤,8113
栈,8113
飡,8113
魹,8113
褜,8113
煠,8113
廨,8113
輗,8113
䡄,8113
阝,8113
楉,8113
仂,8113
臠,8113
膸,8113
鄚,8113
瓌,8113
衎,8113
閎,8113
薷,8113
㸶,8113
灡,8113
㤹,8113
䎕,8113
嬂,8113
蘀,8113
䤀,8113
㬀,8113
㭠,8113
㣫,8113
䳽,8113
玃,8113
趃,8113
牤,8113
䮁,8146
㘻,8146
蕓,8146
贷,8146
锥,8146
啃,8146
笺,8146
咣,8146
鬍,8146
攵,8146
鲇,8146
桦,8146
鱿,8146
蓟,8146
蘑,8146
窳,8146
㓛,8146
冂,8146
嘰,8146
漘,8146
淓,8146
蜾,8146
鼙,8146
凖,8146
剏,8146
堞,8146
鷖,8146
豢,8146
聱,8146
鍗,8146
拧,8146
嬝,8146
壅,8146
蛺,8146
婺,8146
栻,8146
勖,8146
㧑,8146
棐,8146
噭,8146
眗,8146
褂,8146
鈸,8146
潧,8146
䎆,8146
㑨,8146
㨀,8146
㫭,8146
㳣,8146
蚨,8146
㦞,8146
吀,8146
䐕,8146
彯,8146
灟,8146
㠣,8146
潲,8146
瑵,8146
楥,8146
䏾,8146
䌚,8206
惷,8206
鳃,8206
诘,8206
璺,8206
姗,8206
髅,8206
葳,8206
颐,8206
啷,8206
渍,8206
蔫,8206
熠,8206
汹,8206
媳,8206
鲍,8206
锭,8206
樑,8206
舾,8206
噠,8206
碉,8206
阖,8206
躏,8206
浊,8206
锏,8206
鐧,8206
嬤,8206
鲈,8206
旮,8206
旯,8206
帔,8206
薏,8206
垈,8206
傊,8206
茭,8206
俾,8206
亍,8206
咼,8206
戓,8206
閠,8206
響,8206
騸,8206
蛼,8206
坍,8206
齁,8206
矟,8206
𥁊,8206
嘇,8206
幉,8206
嘆,8206
冤,8206
鷀,8206
鴕,8206
讙,8206
涬,8206
魵,8206
纊,8206
淏,8206
畋,8206
畄,8206
旪,8206
忄,8206
嫚,8206
韇,8206
嬛,8206
聂,8206
筭,8206
蓓,8206
苋,8206
蓠,8206
瀳,8206
鮝,8206
屮,8206
倜,8206
朅,8206
鵂,8206
鶹,8206
嬭,8206
巘,8206
仡,8206
鼡,8206
餛,8206
㒵,8206
丯,8206
鑣,8206
聨,8206
洳,8206
牂,8206
鞱,8206
廸,8206
韛,8206
襀,8206
疒,8206
垝,8206
畐,8206
鴝,8206
鵒,8206
鍄,8206
譍,8206
懽,8206
踈,8206
㖭,8206
蒨,8206
涑,8206
朐,8206
滁,8206
郴,8206
鄜,8206
瑊,8206
瑨,8206
璝,8206
𪟝,8206
媖,8206
瓘,8206
鄘,8206
暨,8206
璦,8206
陁,8206
珤,8206
珌,8206
玢,8206
蠙,8206
柷,8206
俦,8206
訦,8206
𬀩,8206
偓,8206
曒,8206
劢,8206
貺,8206
湜,8206
漼,8206
琎,8206
𬘘,8206
琚,8206
蘩,8206
棻,8206
𬤇,8206
稃,8206
奭,8206
嘏,8206
琯,8206
緄,8206
滈,8206
儇,8206
峘,8206
憼,8206
琨,8206
旼,8206
犭,8206
䔥,8206
欃,8206
糲,8206
﨣,8206
憘,8206
癯,8206
㸹,8206
㸴,8206
㐼,8206
㠹,8206
㪾,8206
㪒,8206
㙤,8206
㫓,8206
㬰,8206
唂,8206
㪑,8206
㫡,8206
㯣,8206
㱍,8206
㘂,8206
㣰,8206
㧛,8206
㧸,8206
㨑,8206
䪄,8206
㩳,8206
㭞,8206
㭵,8206
㯡,8206
㱌,8206
㲎,8206
㲥,8206
㵌,8206
㵔,8206
㵕,8206
㶿,8206
㻹,8206
㼴,8206
䇉,8206
㤋,8206
㩀,8206
㪆,8206
㥬,8206
㲔,8206
㮜,8206
㮴,8206
㰠,8206
仠,8206
㱱,8206
㲧,8206
㲹,8206
㳳,8206
㸅,8206
㺂,8206
㿏,8206
㿡,8206
㿳,8206
䃕,8206
䄜,8206
蚦,8206
㣇,8206
㠚,8206
㵊,8206
㭗,8206
㰍,8206
躖,8206
䴩,8206
㬤,8206
乴,8206
䵖,8206
㤏,8206
䐃,8206
㫥,8206
㹕,8206
蚮,8206
踀,8206
㒝,8206
蚳,8206
㦹,8206
㮉,8206
旘,8206
枎,8206
㴬,8206
㻊,8206
鎴,8206
焀,8206
䡲,8206
㭬,8206
䂰,8206
褀,8206
㮘,8206
㞰,8206
㦰,8206
㪄,8206
㬡,8206
㰭,8206
瘀,8206
㱞,8206
㱷,8206
㼪,8206
㾊,8206
䀠,8206
䅤,8206
䎬,8206
䮉,8206
䚬,8206
廾,8206
棬,8206
蚸,8206
䠂,8206
㱨,8206
㤂,8206
㪊,8206
㦙,8206
礀,8206
㯯,8206
㽃,8206
欀,8206
㾲,8206
㦟,8206
㔃,8206
敹,8206
聅,8206
砀,8206
㔣,8206
耦,8206
腨,8206
鎃,8206
檁,8206
尀,8206
摟,8206
䐀,8206
獡,8206
祯,8206
晲,8206
慩,8206
敫,8206
汥,8206
咂,8206
寘,8496
譖,8496
鎤,8496
焏,8496
譓,8496
刋,8496
皂,8496
毠,8496
嫺,8496
堽,8496
峺,8496
廴,8496
餧,8496
囵,8496
靤,8496
嵶,8496
譱,8496
瀇,8496
菶,8496
苙,8496
晥,8496
霻,8496
朞,8496
柤,8496
菈,8496
蒕,8496
濭,8496
檋,8496
捊,8496
扲,8496
枆,8496
焗,8496
饈,8496
靶,8496
惋,8496
饞,8496
婊,8496
汙,8496
骯,8496
蹺,8496
萤,8496
徜,8496
徉,8496
愫,8496
氰,8496
螞,8496
賬,8496
梘,8496
桅,8496
舆,8496
餳,8496
埗,8496
赩,8496
鲸,8496
漩,8496
蓖,8496
馁,8496
絝,8496
蹩,8496
摁,8496
荧,8496
讯,8496
徕,8496
缨,8496
呔,8496
凿,8496
鲮,8496
侒,8496
嚝,8496
玀,8496
鮗,8496
颳,8496
疤,8496
咁,8496
逇,8496
吱,8496
屿,8496
槛,8496
阀,8496
诣,8496
贬,8496
揑,8496
羑,8496
谧,8496
荞,8496
袛,8496
铐,8496
踌,8496
搀,8496
蕴,8496
孪,8496
盹,8496
惮,8496
吨,8496
纺,8496
饺,8496
谛,8496
疙,8496
瘩,8496
谔,8496
氢,8496
锂,8496
铍,8496
氮,8496
氟,8496
氖,8496
钠,8496
铝,8496
哑,8496
驮,8496
鳍,8496
茁,8496
鸥,8496
抿,8496
掷,8496
锃,8496
娴,8496
乒,8496
筛,8496
呲,8496
糨,8496
焕,8496
鳅,8496
岚,8496
纫,8496
怂,8496
浏,8496
懑,8496
涤,8496
酿,8496
叼,8496
锡,8496
摹,8496
斋,8496
嗖,8496
颖,8496
焊,8496
沏,8496
缆,8496
镳,8496
蟑,8496
慑,8496
揪,8496
囤,8496
捆,8496
捎,8496
钮,8496
乇,8496
紿,8496
菐,8496
呛,8496
衅,8496
鳕,8496
拄,8496
錶,8496
颻,8496
掤,8496
豔,8496
茷,8496
榖,8496
閡,8496
韁,8496
孻,8496
鱉,8496
鷇,8496
酡,8496
畭,8496
绢,8496
绣,8496
绮,8496
蝽,8496
鲑,8496
拹,8496
鄷,8496
髎,8496
頠,8496
擰,8496
茧,8496
緹,8496
谴,8496
缜,8496
辖,8496
翙,8496
纲,8496
骏,8496
诏,8496
缴,8496
卢,8496
籲,8496
颅,8496
疮,8496
趋,8496
骛,8496
铸,8496
毆,8496
犷,8496
谏,8496
诩,8496
骁,8496
龌,8496
龊,8496
顷,8496
殓,8496
僱,8496
诫,8496
贰,8496
惫,8496
榄,8496
阐,8496
桨,8496
驳,8496
郑,8496
蔥,8496
訞,8496
咅,8496
衘,8496
撅,8496
忪,8496
勋,8496
彆,8496
橱,8496
榆,8496
烷,8496
吳,8496
嬡,8496
泵,8496
搵,8496
邓,8496
釁,8496
铮,8496
唬,8496
颂,8496
紕,8496
𧘱,8496
螵,8496
鑛,8496
蓚,8496
昖,8496
笒,8496
饔,8496
戱,8496
迊,8496
癨,8496
垶,8496
寗,8496
諟,8496
傒,8496
脘,8496
勞,8496
巿,8496
鳫,8496
閰,8496
煐,8496
亊,8496
𡂈,8496
訾,8496
矶,8496
抻,8496
燜,8496
圡,8496
嶒,8496
祹,8496
祘,8496
喈,8496
不,8496
敾,8496
峦,8496
缟,8496
釟,8496
刔,8496
碵,8496
鴪,8496
鱓,8496
逧,8496
棡,8496
譌,8496
瀅,8496
隝,8496
錑,8496
廞,8496
嵆,8496
乭,8496
逖,8496
縯,8496
枓,8496
鞮,8496
薭,8496
錕,8496
㮶,8496
慝,8496
蔯,8496
啅,8496
衠,8496
鱖,8496
撾,8496
滏,8496
饀,8496
饍,8496
餼,8496
騃,8496
噱,8496
惸,8496
卺,8496
哕,8496
菷,8496
朗,8496
惛,8496
練,8496
喝,8496
墨,8496
梅,8496
勤,8496
戝,8496
乩,8496
筯,8496
菹,8496
闈,8496
傈,8496
泝,8496
鑅,8496
旈,8496
犛,8496
腴,8496
迠,8496
驄,8496
蕣,8496
焄,8496
煒,8496
舮,8496
嚬,8496
睪,8496
詆,8496
膤,8496
怐,8496
馼,8496
垬,8496
俍,8496
頄,8496
劄,8496
鍽,8496
坅,8496
蕤,8496
暑,8496
瑆,8496
䕃,8496
绦,8496
辇,8496
魉,8496
盅,8496
蛳,8496
馔,8496
荟,8496
荑,8496
靅,8496
夳,8496
欗,8496
藿,8496
桡,8496
忡,8496
兑,8496
徇,8496
猙,8496
𨨶,8496
倵,8496
瀦,8496
眹,8496
𧫴,8496
菏,8496
緷,8496
篯,8496
瀵,8496
鐾,8496
骘,8496
濴,8496
偻,8496
堠,8496
玎,8496
醀,8496
黳,8496
闵,8496
吣,8496
涚,8496
粜,8496
鍙,8496
偂,8496
齑,8496
迿,8496
姴,8496
箦,8496
橥,8496
谸,8496
谩,8496
狳,8496
笝,8496
峄,8496
鄹,8496
嫱,8496
鏏,8496
婑,8496
赍,8496
酨,8496
孌,8496
麑,8496
癥,8496
碯,8496
鞞,8496
糝,8496
嬈,8496
渧,8496
坼,8496
儗,8496
潙,8496
膑,8496
襌,8496
蜣,8496
鱮,8496
獼,8496
藾,8496
罍,8496
蟐,8496
蠏,8496
卲,8496
暿,8496
柀,8496
皦,8496
益,8496
劯,8496
硎,8496
箞,8496
絈,8496
綷,8496
荿,8496
蕫,8496
拑,8496
賰,8496
愰,8496
甼,8496
暙,8496
惞,8496
啝,8496
瓰,8496
桍,8496
䲧,8496
䞡,8496
窂,8496
眵,8496
㭦,8496
㷥,8496
羛,8496
畀,8496
胐,8496
鲩,8496
熳,8496
姣,8496
袘,8496
蘡,8496
裱,8496
筇,8496
蹼,8496
猨,8496
騮,8496
晌,8496
閶,8496
搴,8496
飇,8496
紈,8496
瘰,8496
癧,8496
讌,8496
褝,8496
誚,8496
萁,8496
虁,8496
譔,8496
雝,8496
鸝,8496
啗,8496
繦,8496
蚘,8496
虵,8496
觧,8496
洼,8496
餤,8496
湓,8496
姈,8496
擣,8496
櫁,8496
礻,8496
浠,8496
螯,8496
杻,8496
賍,8496
壗,8496
齏,8496
垉,8496
熅,8496
艢,8496
垸,8496
宀,8496
盬,8496
忩,8496
鯷,8496
鵶,8496
韙,8496
冝,8496
賓,8496
難,8496
突,8496
巑,8496
氳,8496
澌,8496
礱,8496
儃,8496
佪,8496
蠨,8496
閽,8496
毧,8496
婷,8496
畹,8496
髩,8496
泬,8496
笻,8496
皪,8496
粭,8496
偰,8496
夐,8496
諠,8496
隯,8496
慼,8496
婲,8496
矑,8496
呭,8496
䬒,8496
浡,8496
𩳦,8496
𧿹,8496
蚖,8496
毾,8496
罳,8496
㤉,8496
𫟏,8496
啑,8496
尢,8496
鸊,8496
頯,8496
䟝,8496
劵,8496
辵,8496
曨,8496
婼,8496
莴,8496
塬,8496
渌,8496
鄮,8496
埭,8496
滳,8496
湞,8496
浛,8496
洭,8496
淶,8496
漵,8496
舲,8496
陕,8496
滦,8496
鑌,8496
嬙,8496
楏,8496
僜,8496
郉,8496
瀍,8496
讜,8496
遘,8496
瑍,8496
佺,8496
熲,8496
逈,8496
偘,8496
頦,8496
媜,8496
嬫,8496
璹,8496
覃,8496
嫄,8496
尧,8496
暐,8496
瑑,8496
嶅,8496
攽,8496
宲,8496
㝢,8496
揵,8496
栟,8496
柲,8496
邲,8496
昪,8496
穮,8496
虨,8496
抦,8496
昞,8496
昺,8496
棅,8496
鉼,8496
袚,8496
鎛,8496
摅,8496
驌,8496
熭,8496
渷,8496
沄,8496
淔,8496
晫,8496
誧,8496
懘,8496
逿,8496
陧,8496
訕,8496
䢝,8496
㣻,8496
惉,8496
厔,8496
詧,8496
梴,8496
𬊤,8496
瑒,8496
瑺,8496
焯,8496
𬘭,8496
茞,8496
賝,8496
憕,8496
柽,8496
瀓,8496
珹,8496
昫,8496
僎,8496
䶵,8496
傺,8496
墀,8496
箎,8496
趍,8496
㳘,8496
崈,8496
珫,8496
儶,8496
譄,8496
䛆,8496
埱,8496
琡,8496
倕,8496
錞,8496
佽,8496
潀,8496
潨,8496
誴,8496
賨,8496
𫓩,8496
炟,8496
迨,8496
倓,8496
聃,8496
珰,8496
翿,8496
衜,8496
眘,8496
軧,8496
𬱖,8496
琠,8496
暕,8496
斁,8496
瓄,8496
𡼖,8496
堮,8496
忛,8496
沨,8496
轓,8496
旊,8496
瓬,8496
邡,8496
鈁,8496
鴋,8496
悱,8496
𣸣,8496
蕡,8496
酆,8496
鏠,8496
紑,8496
俌,8496
怤,8496
旉,8496
琈,8496
紱,8496
苾,8496
𫓧,8496
鬴,8496
黻,8496
黼,8496
晐,8496
溉,8496
陔,8496
旰,8496
榦,8496
矼,8496
㟸,8496
槔,8496
郜,8496
鼛,8496
韐,8496
暅,8496
鯁,8496
䛛,8496
濲,8496
栝,8496
爟,8496
僙,8496
捍,8496
閈,8496
暤,8496
龢,8496
蘅,8496
𡵓,8496
翃,8496
谹,8496
鈜,8496
𫟹,8496
偡,8496
倧,8496
垕,8496
嫮,8496
岵,8496
昈,8496
櫰,8496
㬇,8496
𤩽,8496
郇,8496
熀,8496
瑝,8496
皝,8496
憓,8496
繢,8496
翬,8496
袆,8496
𬤝,8496
賾,8496
濩,8496
伋,8496
垍,8496
枅,8496
蔇,8496
錤,8496
鏶,8496
幵,8496
戬,8496
椷,8496
榗,8496
洊,8496
譼,8496
弜,8496
茳,8496
晈,8496
璬,8496
悈,8496
秸,8496
劼,8496
䯄,8496
廑,8496
搢,8496
荩,8496
儆,8496
璄,8496
璥,8496
瑭,8496
泂,8496
煚,8496
褧,8496
駉,8496
勮,8496
匊,8496
弆,8496
椐,8496
榘,8496
郹,8496
嶲,8496
觖,8496
汮,8496
𫖳,8496
俞,8496
塏,8496
暟,8496
閌,8496
薖,8496
𬱟,8496
摳,8496
巋,8496
憒,8496
戣,8496
睽,8496
鍨,8496
頍,8496
騤,8496
瑻,8496
庲,8496
梾,8496
逨,8496
犖,8496
倰,8496
溧,8496
蒞,8496
浰,8496
綡,8496
嶛,8496
璙,8496
㝝,8496
廪,8496
潾,8496
璘,8496
疄,8496
鏻,8496
駴,8496
詪,8496
㻅,8496
毣,8496
璲,8496
苕,8496
庝,8496
瑹,8496
愇,8496
珗,8496
珦,8496
騂,8496
詗,8496
譮,8496
迤,8496
諲,8496
駰,8496
㒜,8496
礿,8496
禴,8496
剸,8496
棁,8496
邛,8496
鏐,8496
攎,8496
曥,8496
鋁,8496
掄,8496
㠓,8496
莘,8496
丏,8496
勔,8496
洺,8496
霂,8496
挐,8496
柟,8496
柅,8496
薿,8496
塍,8496
磻,8496
伾,8496
霈,8496
濆,8496
閛,8496
岯,8496
秠,8496
罴,8496
芘,8496
玭,8496
玶,8496
玙,8496
閴,8496
懩,8496
繈,8496
氶,8496
瑥,8496
汻,8496
赣,8496
邶,8496
倗,8496
穌,8496
嵛,8496
擷,8496
珅,8496
詝,8496
訢,8496
吮,8496
伹,8496
驫,8496
著,8496
駮,8496
鮄,8496
騭,8496
妛,8496
珧,8496
骃,8496
芪,8496
迕,8496
蹻,8496
耋,8496
蓯,8496
驹,8496
熵,8496
蛫,8496
涧,8496
莙,8496
鉚,8496
穃,8496
緕,8496
龝,8496
禝,8496
窰,8496
礇,8496
殳,8496
腩,8496
楦,8496
挢,8496
潬,8496
浭,8496
猢,8496
祳,8496
蔲,8496
鮏,8496
瓲,8496
瓸,8496
甅,8496
啌,8496
彜,8496
鏥,8496
鷏,8496
膰,8496
犱,8496
畩,8496
僘,8496
礼,8496
軣,8496
疂,8496
伀,8496
孅,8496
柮,8496
輹,8496
黹,8496
夋,8496
刕,8496
寉,8496
劜,8496
劦,8496
精,8496
竓,8496
沚,8496
梹,8496
竡,8496
嵭,8496
﨤,8496
逸,8496
蠇,8496
悗,8496
釮,8496
鈼,8496
贒,8496
銧,8496
嵓,8496
楜,8496
鋗,8496
弡,8496
垰,8496
釥,8496
錝,8496
貭,8496
鯆,8496
鈊,8496
霪,8496
崘,8496
卮,8496
夘,8496
嵒,8496
棏,8496
﨓,8496
槝,8496
蔆,8496
㰶,8496
㔶,8496
㐶,8496
㔹,8496
㐹,8496
㕵,8496
㥴,8496
㨨,8496
㩌,8496
㪐,8496
㪪,8496
㬖,8496
㐺,8496
㑔,8496
㔨,8496
㗪,8496
㗿,8496
茀,8496
㘙,8496
㚄,8496
㚞,8496
㜢,8496
㜼,8496
㞌,8496
㟶,8496
㠐,8496
㢎,8496
㢨,8496
㣸,8496
㤒,8496
㥢,8496
㥼,8496
㧌,8496
㧦,8496
㩷,8496
㫻,8496
㭋,8496
㭥,8496
㯽,8496
㱧,8496
㲷,8496
㳑,8496
㴻,8496
㒋,8496
㒾,8496
㒿,8496
㔫,8496
㔴,8496
㖥,8496
㗻,8496
㝁,8496
㡸,8496
㢧,8496
㣃,8496
㤆,8496
㤭,8496
㥆,8496
㵶,8496
㥾,8496
㧋,8496
䒠,8496
䛜,8496
䟪,8496
㨪,8496
䤖,8496
㩃,8496
㩠,8496
䰰,8496
㪅,8496
丒,8496
㪗,8496
伄,8496
㪩,8496
㫇,8496
呤,8496
㬅,8496
㬗,8496
圎,8496
㭇,8496
㮽,8496
㯏,8496
戂,8496
㯳,8496
㰅,8496
㰗,8496
旴,8496
㰴,8496
棨,8496
㱯,8496
欞,8496
㱻,8496
淰,8496
煶,8496
㳴,8496
㴌,8496
玸,8496
㵥,8496
碈,8496
㵻,8496
㶜,8496
縌,8496
㷏,8496
㷶,8496
㸐,8496
㸷,8496
㹈,8496
螄,8496
㹸,8496
裌,8496
㺑,8496
詒,8496
㺳,8496
谾,8496
㺿,8496
㻠,8496
㼗,8496
鈶,8496
㼭,8496
鍖,8496
㽋,8496
镐,8496
㽫,8496
㽼,8496
㾈,8496
㾢,8496
㾿,8496
鰜,8496
㿇,8496
㿞,8496
鸀,8496
㿦,8496
䁛,8496
䃞,8496
䊮,8496
䎩,8496
䏁,8496
䏡,8496
䑎,8496
䓌,8496
䔚,8496
㑼,8496
㗘,8496
㚿,8496
㝂,8496
㡋,8496
㢩,8496
㨢,8496
㩐,8496
㔤,8496
㛴,8496
㟬,8496
㪢,8496
㪫,8496
㩔,8496
㪰,8496
㫗,8496
㫵,8496
蚵,8496
㬣,8496
䄌,8496
㬵,8496
䇰,8496
㭛,8496
䑬,8496
㭭,8496
䕄,8496
䞲,8496
䤐,8496
䩪,8496
䮜,8496
㯵,8496
䲖,8496
㱚,8496
㲏,8496
㳕,8496
婜,8496
㳻,8496
㴗,8496
㴩,8496
㵫,8496
㶇,8496
扠,8496
㶘,8496
挴,8496
㷃,8496
㷚,8496
曐,8496
㸒,8496
舀,8496
㸢,8496
㹀,8496
氺,8496
澬,8496
㺝,8496
㺷,8496
㻡,8496
皊,8496
㼑,8496
矂,8496
㼧,8496
磶,8496
㼹,8496
㽑,8496
㽭,8496
糪,8496
㾆,8496
繘,8496
㾘,8496
罊,8496
㾱,8496
荨,8496
蒤,8496
䀅,8496
薌,8496
䀗,8496
虠,8496
䀩,8496
螖,8496
䁇,8496
䁥,8496
䂂,8496
豲,8496
䂉,8496
䂼,8496
䄕,8496
鐌,8496
䄱,8496
䅆,8496
䅍,8496
䅷,8496
飺,8496
䆚,8496
䆱,8496
鰴,8496
鵾,8496
䇢,8496
麰,8496
䈓,8496
䈩,8496
䌠,8496
䏊,8496
䓀,8496
䓏,8496
䔬,8496
䖭,8496
䖳,8496
䚷,8496
䢶,8496
䩴,8496
鼀,8496
䱂,8496
䱜,8496
䳱,8496
䴋,8496
䶇,8496
䶡,8496
亪,8496
俁,8496
偢,8496
僌,8496
僦,8496
㑜,8496
㖟,8496
㖹,8496
䌀,8496
琀,8496
樀,8496
㒣,8496
䰂,8496
㗣,8496
㗩,8496
㗴,8496
㙁,8496
㙟,8496
㞃,8496
㞻,8496
㟯,8496
㟼,8496
㠛,8496
㠴,8496
㣁,8496
㥟,8496
㦻,8496
㧡,8496
㨳,8496
㛮,8496
㩆,8496
㩻,8496
㯮,8496
㪱,8496
䅒,8496
㫬,8496
䊼,8496
㬂,8496
㬈,8496
㬳,8496
䝊,8496
䥐,8496
㮕,8496
䱰,8496
㮼,8496
乬,8496
㯥,8496
匘,8496
㰝,8496
㱃,8496
㲃,8496
㲝,8496
㳓,8496
㷔,8496
㸤,8496
㿲,8496
獖,8496
䀊,8496
䁅,8496
砊,8496
䁌,8496
䁢,8496
䃋,8496
䃳,8496
膮,8496
䄚,8496
䄡,8496
䅅,8496
蚆,8496
䅠,8496
蠾,8496
䆦,8496
豀,8496
䇌,8496
䇼,8496
䈺,8496
钖,8496
䉡,8496
䉶,8496
䊋,8496
䊔,8496
駚,8496
䊙,8496
䋔,8496
鵊,8496
䎹,8496
䒀,8496
䚋,8496
䟱,8496
䨦,8496
䮨,8496
䯒,8496
䰠,8496
䱢,8496
䱩,8496
䳈,8496
䳬,8496
䴆,8496
㐤,8496
㙐,8496
䵌,8496
䵣,8496
㦎,8496
䵺,8496
䶂,8496
䶒,8496
㳺,8496
䶬,8496
䓨,8496
䚲,8496
乛,8496
䥒,8496
䫘,8496
仉,8496
僠,8496
剚,8496
伨,8496
佒,8496
坖,8496
侅,8496
娾,8496
倈,8496
偄,8496
杺,8496
傎,8496
椔,8496
湈,8496
炲,8496
狚,8496
瑈,8496
㑕,8496
㕱,8496
㖎,8496
㗍,8496
㘧,8496
㟝,8496
㤈,8496
㥕,8496
㔊,8496
㦀,8496
㞀,8496
㣲,8496
㧊,8496
㭴,8496
㲂,8496
㨖,8496
㿎,8496
㨮,8496
䄞,8496
䈸,8496
㩓,8496
䌾,8496
㪺,8496
䢺,8496
䫀,8496
㫾,8496
䱺,8496
㬨,8496
㬻,8496
倀,8496
㭍,8496
僼,8496
凘,8496
㮁,8496
厒,8496
㯁,8496
圌,8496
㯼,8496
娒,8496
㰆,8496
㱬,8496
㲀,8496
憪,8496
㲾,8496
㳼,8496
㴎,8496
欘,8496
洜,8496
㵞,8496
渂,8496
㵰,8496
漚,8496
㶬,8496
爞,8496
㷐,8496
㷩,8496
㸚,8496
硾,8496
㸬,8496
㹄,8496
竔,8496
㹗,8496
㺖,8496
㺟,8496
㻭,8496
菢,8496
㼊,8496
蠄,8496
㽆,8496
褆,8496
㽘,8496
㽷,8496
㾉,8496
賆,8496
㾛,8496
㾭,8496
㾾,8496
轪,8496
遈,8496
鄼,8496
䀑,8496
䀯,8496
䁕,8496
霔,8496
䁲,8496
颲,8496
䂎,8496
䂸,8496
鲊,8496
䃬,8496
齌,8496
䊩,8496
䏼,8496
䔓,8496
䚿,8496
䟕,8496
䡸,8496
䥱,8496
䨹,8496
䩞,8496
䪇,8496
䫛,8496
䫥,8496
䬂,8496
䬚,8496
䭒,8496
㕊,8496
䭰,8496
㛈,8496
䮌,8496
㢒,8496
䮙,8496
䮩,8496
㩒,8496
䮿,8496
䯘,8496
䯴,8496
㸦,8496
䰊,8496
㽪,8496
䰡,8496
䰾,8496
䉂,8496
䱘,8496
䎘,8496
䱱,8496
䲶,8496
䡊,8496
䳍,8496
䧦,8496
䳥,8496
䭔,8496
䴔,8496
䴦,8496
䴸,8496
侜,8496
儬,8496
䵭,8496
劌,8496
䵶,8496
䵽,8496
䶥,8496
䶺,8496
亽,8496
斢,8496
佧,8496
侁,8496
㔘,8496
㔩,8496
㜉,8496
㣌,8496
㤊,8496
㖀,8496
㞞,8496
㥖,8496
㧘,8496
㦂,8496
㱶,8496
㷮,8496
㦥,8496
㧒,8496
㧰,8496
䊪,8496
䏀,8496
䒼,8496
㨟,8496
㨠,8496
㨱,8496
䜀,8496
㩊,8496
䱄,8496
㬸,8496
囐,8496
㭁,8496
㭙,8496
㭯,8496
㯪,8496
㰄,8496
㰹,8496
㱾,8496
䨂,8496
㲽,8496
洤,8496
㳛,8496
灀,8496
㴐,8496
爔,8496
玌,8496
㶋,8496
磤,8496
㶟,8496
稤,8496
簊,8496
㷑,8496
㷢,8496
縖,8496
㷳,8496
缂,8496
㸠,8496
腒,8496
㹛,8496
葞,8496
㹲,8496
轈,8496
㽐,8496
醠,8496
㽧,8496
㽿,8496
鐼,8496
㾰,8496
㿉,8496
㿠,8496
䀄,8496
鶔,8496
䀽,8496
鼺,8496
䄰,8496
䋶,8496
䎣,8496
䑔,8496
䑦,8496
䑯,8496
䑶,8496
䒵,8496
䓁,8496
䔘,8496
䧏,8496
䩁,8496
䩥,8496
䩼,8496
䪦,8496
䫟,8496
㦄,8496
䫹,8496
䬑,8496
㲜,8496
䬹,8496
㺰,8496
䭑,8496
䀾,8496
䭚,8496
䍜,8496
䮷,8496
䗄,8496
䯉,8496
䯾,8496
䦶,8496
䰢,8496
䰴,8496
䲤,8496
䱚,8496
䲆,8496
儢,8496
䲝,8496
䲦,8496
䲵,8496
䳋,8496
䳤,8496
噰,8496
䳫,8496
䴁,8496
塄,8496
婸,8496
䴵,8496
䵙,8496
䵨,8496
䵾,8496
廤,8496
䶏,8496
橔,8496
乻,8496
沰,8496
炶,8496
仹,8496
玜,8496
痐,8496
眬,8496
碄,8496
佱,8496
穲,8496
侌,8496
簰,8496
侞,8496
侰,8496
縼,8496
俼,8496
莤,8496
螪,8496
傽,8496
賶,8496
僫,8496
轖,8496
僺,8496
兤,8496
阞,8496
冁,8496
韘,8496
黆,8496
匞,8496
喑,8496
噷,8496
㒼,8496
㗎,8496
峓,8496
㤜,8496
㲘,8496
崷,8496
㻔,8496
嵏,8496
䀰,8496
䉚,8496
䍎,8496
嶕,8496
䑆,8496
嶯,8496
䗆,8496
巎,8496
䝤,8496
巚,8496
䣦,8496
帻,8496
䵒,8496
刐,8496
庽,8496
呺,8496
嚌,8496
堾,8496
弝,8496
屰,8496
幮,8496
徆,8496
徤,8496
慦,8496
抺,8496
忬,8496
枂,8496
汒,8496
恴,8496
渘,8496
潂,8496
惥,8496
狦,8496
惽,8496
愑,8496
瘂,8496
愩,8496
慅,8496
慽,8496
緼,8496
懚,8496
艠,8496
戼,8496
蕖,8496
扪,8496
蟌,8496
訲,8496
抲,8496
谄,8496
拚,8496
踼,8496
拲,8496
辚,8496
挜,8496
釸,8496
挮,8496
鋆,8496
捯,8496
阚,8496
掦,8496
掼,8496
驔,8496
鴊,8496
搒,8496
黾,8496
斄,8496
鱨,8496
韽,8496
㐍,8496
㒬,8496
㔀,8496
㔥,8496
㔮,8496
㔻,8496
㕖,8496
㕝,8496
䈂,8496
㜾,8496
㣧,8496
㐨,8496
㓂,8496
㤬,8496
㙘,8496
㥚,8496
㣔,8496
㧤,8496
㦅,8496
㬴,8496
㦗,8496
㦯,8496
㷒,8496
㦶,8496
㧍,8496
㧪,8496
䅐,8496
㧾,8496
㨕,8496
䑰,8496
㨷,8496
䙔,8496
㩇,8496
䝞,8496
㪤,8496
凴,8496
㬹,8496
㭰,8496
㮢,8496
壄,8496
姌,8496
嬞,8496
㰧,8496
眀,8496
㓞,8496
㓸,8496
㘿,8496
㛝,8496
㢭,8496
㓐,8496
㢿,8496
㖼,8496
㣗,8496
㜞,8496
㡪,8496
㥈,8496
㤔,8496
㤺,8496
㲊,8496
㥊,8496
㵴,8496
㥒,8496
㥩,8496
㽸,8496
䏪,8496
㧓,8496
䘆,8496
㨧,8496
㨵,8496
㩱,8496
㫌,8496
咞,8496
㫤,8496
嘢,8496
㫸,8496
㬉,8496
塴,8496
㬬,8496
㬽,8496
㭕,8496
屪,8496
巈,8496
㮇,8496
㮦,8496
㮸,8496
抎,8496
揘,8496
㰈,8496
㰐,8496
㰲,8496
㱄,8496
櫠,8496
㱰,8496
涐,8496
㲦,8496
煈,8496
㳄,8496
犪,8496
㳖,8496
玴,8496
㳨,8496
瓐,8496
㴋,8496
㴝,8496
矌,8496
磸,8496
㵓,8496
笂,8496
㵱,8496
糄,8496
㶃,8496
綞,8496
㶖,8496
繴,8496
㶧,8496
罞,8496
㶸,8496
㷗,8496
㷵,8496
菒,8496
㸻,8496
㹔,8496
谀,8496
㺚,8496
㺠,8496
㺭,8496
㻜,8496
㻴,8496
鋈,8496
㼅,8496
鏂,8496
㼥,8496
㽙,8496
顼,8496
㽠,8496
㽵,8496
㾇,8496
㾼,8496
鷔,8496
㿍,8496
黂,8496
㿟,8496
鿴,8496
㿻,8496
蚡,8496
䋇,8496
䌰,8496
䍵,8496
䐒,8496
䑤,8496
䒁,8496
䒬,8496
䓝,8496
䖷,8496
䙒,8496
䚟,8496
䟏,8496
䡧,8496
䨕,8496
䩂,8496
㚂,8496
䩔,8496
䩶,8496
㦠,8496
䪈,8496
㪘,8496
䪚,8496
䪬,8496
㱲,8496
䫐,8496
䫡,8496
䫷,8496
䄖,8496
䬏,8496
䊴,8496
䬟,8496
䬷,8496
䭎,8496
䛞,8496
䩨,8496
䮮,8496
䰌,8496
䯍,8496
䵼,8496
䯦,8496
仚,8496
䯿,8496
䰑,8496
儨,8496
䰙,8496
䱊,8496
呮,8496
䲘,8496
䲩,8496
奦,8496
䳇,8496
䳡,8496
屜,8496
䳩,8496
蚭,8496
䴀,8496
䴻,8496
愐,8496
䵞,8496
挒,8496
䵷,8496
搲,8496
䶖,8496
丱,8496
乨,8496
烌,8496
贀,8496
仴,8496
仾,8496
簢,8496
翨,8496
臞,8496
俲,8496
倠,8496
偞,8496
跾,8496
偾,8496
逄,8496
醆,8496
锬,8496
儵,8496
兠,8496
鯬,8496
鹔,8496
冡,8496
鿒,8496
凕,8496
厸,8496
叒,8496
吂,8496
吜,8496
呅,8496
蚹,8496
㕧,8496
㖃,8496
㡟,8496
㥣,8496
㦌,8496
㦪,8496
㧉,8496
㧠,8496
㗆,8496
㧨,8496
㧹,8496
㜚,8496
㨔,8496
㨤,8496
㩁,8496
㬲,8496
㩦,8496
㵬,8496
㩰,8496
㪇,8496
㽄,8496
㪜,8496
䁪,8496
㪳,8496
䆐,8496
㪹,8496
䈄,8496
㫜,8496
㫮,8496
䓜,8496
㬆,8496
䘸,8496
㬩,8496
䠊,8496
㭅,8496
䦨,8496
㭎,8496
䩲,8496
㭓,8496
㭮,8496
䰶,8496
㭾,8496
䴞,8496
㮡,8496
伈,8496
㯅,8496
儖,8496
㯟,8496
㰁,8496
㰓,8496
唒,8496
㰼,8496
㱘,8496
壈,8496
㱪,8496
妴,8496
㱼,8496
媘,8496
宒,8496
㲠,8496
岒,8496
㳪,8496
悀,8496
㴆,8496
戆,8496
㴘,8496
挀,8496
㴧,8496
㶂,8496
㶛,8496
樌,8496
㶭,8496
櫦,8496
㷉,8496
㷜,8496
㷼,8496
㸔,8496
炾,8496
㹃,8496
㹘,8496
㹟,8496
㺍,8496
㺬,8496
礄,8496
㻑,8496
笜,8496
㻮,8496
粶,8496
㻵,8496
㼋,8496
纄,8496
耢,8496
膆,8496
㽕,8496
㽮,8496
菺,8496
㾀,8496
㿋,8496
褠,8496
㿰,8496
諨,8496
䀈,8496
踂,8496
䁂,8496
䁋,8496
遨,8496
䁧,8496
䂌,8496
䂞,8496
铦,8496
䃵,8496
馌,8496
䄇,8496
䄮,8496
鱢,8496
䅄,8496
鿘,8496
䍯,8496
䎥,8496
蚷,8496
䐨,8496
䐴,8496
䄳,8496
䈳,8496
䌳,8496
䐳,8496
㘲,8496
㜲,8496
澃,8496
傂,8496
耯,8496
㠽,8496
膥,8496
㠲,8496
耺,8496
舓,8496
聝,8496
肐,8496
㔱,8496
㘱,8496
耴,8496
㜱,8496
㚾,8496
胙,8496
䠶,8496
聍,8496
膗,8496
䅈,8496
荙,8496
㑄,8496
荄,8496
聎,8496
腄,8496
䉩,8496
䑁,8496
䡩,8496
䏷,8496
䏨,8496
䏙,8496
㜣,8496
㐀,8496
祴,8496
㸳,8496
騀,8496
慤,8496
敧,8496
穟,8496
㤣,8496
潳,8496
汦,8496
汳,8496
汬,8496
慺,8496
灳,8496
捴,8496
彨,8496
浯,8496
敮,8496
灥,8496
湵,8496
畮,8496
獩,8496
浧,8496
牣,8496
扡,8496
潶,8496
瑏,8496
䐤,8496
炕,8496
髃,8496
樮,8496
瘪,8496
淕,8496
