1,人
2,言
3,見
4,一
5,出
6,気
7,思
8,手
9,何
10,分
11,俺
12,大
13,上
14,私
15,前
16,間
17,女
18,事
19,今
20,子
21,中
22,自
23,目
24,生
25,日
26,時
27,行
28,方
29,来
30,彼
31,様
32,本
33,力
34,魔
35,話
36,体
37,者
38,入
39,下
40,先
41,感
42,当
43,合
44,後
45,顔
46,無
47,動
48,部
49,少
50,持
51,物
52,知
53,意
54,心
55,度
56,聞
57,二
58,立
59,全
60,理
61,声
62,場
63,身
64,会
65,向
66,僕
67,同
68,取
69,笑
70,戦
71,的
72,通
73,最
74,地
75,込
76,不
77,長
78,口
79,考
80,変
81,実
82,達
83,年
84,違
85,回
86,家
87,王
88,葉
89,味
90,食
91,情
92,面
93,男
94,使
95,作
96,外
97,悪
98,付
99,小
100,切
101,強
102,確
103,性
104,国
105,明
106,対
107,所
108,死
109,世
110,相
111,真
112,屋
113,君
114,神
115,学
116,着
117,開
118,引
119,返
120,界
121,然
122,足
123,頭
124,近
125,法
126,待
127,以
128,名
129,用
130,音
131,好
132,結
133,仕
134,誰
135,高
136,落
137,直
138,空
139,内
140,問
141,解
142,発
143,撃
144,色
145,現
146,決
147,教
148,士
149,続
150,能
151,振
152,覚
153,良
154,三
155,指
156,正
157,数
158,白
159,要
160,視
161,受
162,信
163,張
164,表
165,十
166,飛
167,突
168,別
169,初
170,連
171,道
172,殺
173,止
174,愛
175,必
176,戻
177,早
178,定
179,残
180,元
181,終
182,可
183,関
184,夫
185,多
186,金
187,呼
188,姿
189,機
190,代
191,始
192,主
193,父
194,歩
195,重
196,族
197,勝
198,書
199,光
200,楽
201,命
202,配
203,息
204,帰
205,起
206,風
207,他
208,流
209,化
210,線
211,想
212,応
213,状
214,水
215,美
216,剣
217,離
218,得
219,過
220,我
221,次
222,在
223,置
224,放
225,調
226,安
227,背
228,親
229,絶
230,緒
231,丈
232,失
233,首
234,室
235,反
236,伝
237,貴
238,天
239,成
240,母
241,夜
242,倒
243,術
244,苦
245,瞬
246,番
247,員
248,嫌
249,抜
250,題
251,消
252,月
253,兄
254,逃
255,乗
256,浮
257,新
258,答
259,存
260,果
261,集
262,由
263,態
264,馬
265,頼
266,認
267,敵
268,報
269,特
270,断
271,黒
272,校
273,軍
274,素
275,進
276,優
277,助
278,業
279,輩
280,車
281,願
282,血
283,守
284,追
285,抱
286,文
287,囲
288,形
289,精
290,構
291,転
292,押
293,走
294,腕
295,説
296,姉
297,胸
298,負
299,兵
300,痛
301,赤
302,店
303,座
304,段
305,識
306,備
307,遠
308,加
309,点
310,深
311,打
312,師
313,限
314,寄
315,攻
316,半
317,予
318,差
319,触
320,常
321,急
322,両
323,普
324,山
325,広
326,告
327,殿
328,周
329,石
330,運
331,恐
332,寝
333,程
334,険
335,件
336,花
337,格
338,任
339,髪
340,望
341,記
342,服
343,供
344,平
345,隊
346,木
347,都
348,約
349,活
350,海
351,四
352,勢
353,期
354,火
355,器
356,単
357,組
358,鳴
359,選
360,完
361,電
362,利
363,語
364,異
365,装
366,料
367,野
368,隠
369,係
370,驚
371,肉
372,第
373,騎
374,団
375,再
376,経
377,満
378,側
379,公
380,掛
381,怒
382,欲
383,仲
384,際
385,礼
386,奴
387,破
388,有
389,冷
390,余
391,探
392,難
393,五
394,交
395,友
396,横
397,画
398,微
399,訳
400,静
401,夢
402,怖
403,飲
404,計
405,念
406,許
407,送
408,似
409,幸
410,質
411,速
412,役
413,渡
414,危
415,街
416,奥
417,居
418,熱
419,青
420,傷
421,去
422,議
423,警
424,細
425,位
426,朝
427,御
428,肩
429,社
430,読
431,品
432,聖
433,茶
434,端
435,階
436,軽
437,買
438,右
439,徒
440,城
441,影
442,休
443,降
444,共
445,婚
446,太
447,移
448,響
449,護
450,制
451,頃
452,皆
453,官
454,弾
455,裏
456,片
457,霊
458,眼
459,武
460,台
461,困
462,原
463,耳
464,腹
465,況
466,黙
467,握
468,壁
469,忘
470,激
471,怪
472,示
473,具
474,帝
475,嬉
476,園
477,辺
478,容
479,吸
480,腰
481,判
482,式
483,暗
484,悲
485,義
486,宮
487,迷
488,申
489,験
490,和
491,泣
492,像
493,務
494,接
495,故
496,論
497,支
498,娘
499,壊
500,察
501,左
502,頷
503,案
504,未
505,談
506,村
507,吐
508,乱
509,民
510,試
511,保
512,駄
513,惑
514,割
515,客
516,技
517,震
518,散
519,揺
520,途
521,興
522,伸
523,闘
524,紙
525,閉
526,種
527,土
528,為
529,若
530,竜
531,束
532,恋
533,注
534,頑
535,疑
536,病
537,証
538,練
539,爵
540,舞
541,治
542,恥
543,叫
544,襲
545,路
546,逆
547,獣
548,売
549,万
550,並
551,昨
552,門
553,根
554,駆
555,参
556,量
557,図
558,遊
559,収
560,眠
561,妹
562,妙
563,邪
564,弱
565,観
566,令
567,嬢
568,瞳
569,衛
570,院
571,謝
572,席
573,星
574,遅
575,投
576,船
577,巻
578,隣
579,増
580,領
581,滅
582,退
583,処
584,古
585,暴
586,効
587,甘
588,与
589,準
590,防
591,踏
592,千
593,復
594,類
595,求
596,疲
597,憶
598,罪
599,景
600,犯
601,姫
602,越
603,住
604,市
605,刺
606,害
607,巨
608,絡
609,習
610,詰
611,射
612,混
613,商
614,字
615,捨
616,叩
617,密
618,焼
619,局
620,森
621,届
622,丸
623,百
624,扉
625,映
626,簡
627,吹
628,避
629,育
630,将
631,冒
632,更
633,勇
634,雪
635,喜
636,町
637,派
638,帯
639,染
640,東
641,薄
642,極
643,薬
644,済
645,導
646,刻
647,八
648,象
649,救
650,払
651,筋
652,低
653,田
654,鹿
655,包
656,等
657,秘
658,呟
659,例
660,六
661,工
662,島
663,草
664,折
665,宿
666,唇
667,納
668,介
669,従
670,互
671,超
672,鬼
673,歳
674,脱
675,級
676,固
677,迎
678,温
679,非
680,夏
681,昼
682,敷
683,設
684,替
685,属
686,昔
687,距
688,底
689,捕
690,角
691,快
692,闇
693,減
694,久
695,香
696,皇
697,陽
698,造
699,涙
700,爆
701,整
702,衣
703,七
704,産
705,奇
706,慣
707,個
708,型
709,刀
710,職
711,夕
712,比
713,球
714,材
715,狙
716,敗
717,慌
718,騒
719,建
720,川
721,郎
722,圧
723,窓
724,布
725,誘
726,改
727,呪
728,照
729,末
730,雑
731,戸
732,奪
733,除
734,輝
735,銃
736,値
737,司
738,争
739,炎
740,短
741,働
742,毎
743,否
744,責
745,祭
746,跡
747,研
748,麗
749,印
750,崩
751,酒
752,歌
753,弟
754,凄
755,液
756,波
757,銀
758,独
759,演
760,基
761,弁
762,抗
763,価
764,権
765,提
766,旅
767,尽
768,老
769,尋
770,床
771,緊
772,繰
773,鼻
774,査
775,被
776,館
777,悟
778,庭
779,労
780,暮
781,了
782,脳
783,沈
784,慢
785,描
786,号
787,陣
788,幼
789,毛
790,絵
791,鳥
792,留
793,適
794,究
795,仮
796,写
797,締
798,羽
799,操
800,傾
801,迫
802,純
803,呆
804,撫
805,北
806,境
807,頂
808,己
809,堂
810,資
811,鉄
812,舌
813,骨
814,甲
815,雨
816,威
817,頬
818,飯
819,拠
820,衝
821,華
822,嘘
823,悔
824,修
825,猫
826,晴
827,毒
828,協
829,積
830,厳
831,政
832,尻
833,荒
834,希
835,扱
836,眺
837,輪
838,補
839,曲
840,紅
841,春
842,授
843,担
844,既
845,裂
846,漏
847,志
848,枚
849,医
850,犬
851,玉
852,層
853,洗
854,率
855,登
856,陰
857,綺
858,伏
859,遣
860,週
861,才
862,穴
863,至
864,宝
865,鏡
866,円
867,耐
868,屈
869,井
870,亡
871,因
872,盛
873,里
874,継
875,盗
876,悩
877,斬
878,柄
879,条
880,九
881,矢
882,肌
883,系
884,援
885,訪
886,儀
887,依
888,焦
889,西
890,管
891,箱
892,含
893,総
894,廊
895,拳
896,眉
897,睨
898,樹
899,展
900,京
901,跳
902,艦
903,勘
904,荷
905,誤
906,裕
907,汚
908,佐
909,科
910,狂
911,宙
912,砂
913,柔
914,珍
915,織
916,模
917,諦
918,遺
919,尾
920,潰
921,執
922,辛
923,借
924,到
925,椅
926,句
927,勉
928,縁
929,封
930,功
931,膝
932,陛
933,捜
934,雰
935,額
936,携
937,妖
938,覗
939,寂
940,欠
941,訊
942,討
943,掴
944,臓
945,隙
946,慮
947,鋭
948,南
949,歯
950,袋
951,覆
952,策
953,伯
954,順
955,氏
956,溜
957,課
958,雄
959,陸
960,板
961,懐
962,規
963,匂
964,冗
965,噂
966,丁
967,杯
968,酷
969,群
970,刃
971,仰
972,虫
973,乳
974,露
975,皮
976,承
977,妻
978,那
979,棒
980,汗
981,換
982,氷
983,潜
984,禁
985,各
986,蹴
987,域
988,魚
989,貰
990,略
991,繋
992,菜
993,製
994,燃
995,検
996,即
997,臭
998,戒
999,史
1000,詳
1001,英
1002,列
1003,庫
1004,魂
1005,透
1006,算
1007,浴
1008,複
1009,統
1010,呂
1011,房
1012,槍
1013,如
1014,評
1015,傍
1016,埋
1017,監
1018,致
1019,桜
1020,巡
1021,硬
1022,拶
1023,挨
1024,推
1025,秒
1026,黄
1027,云
1028,砲
1029,測
1030,冬
1031,貸
1032,召
1033,及
1034,飾
1035,干
1036,褒
1037,幾
1038,奈
1039,舎
1040,奮
1041,祖
1042,寒
1043,煙
1044,健
1045,穏
1046,訓
1047,挙
1048,易
1049,営
1050,秋
1051,殴
1052,幻
1053,歴
1054,喉
1055,刑
1056,雲
1057,区
1058,暇
1059,侵
1060,充
1061,節
1062,湯
1063,抵
1064,忙
1065,濡
1066,盾
1067,賊
1068,録
1069,辞
1070,鍵
1071,狼
1072,宇
1073,努
1074,撮
1075,喚
1076,揃
1077,施
1078,灯
1079,索
1080,机
1081,央
1082,抑
1083,油
1084,晩
1085,雷
1086,双
1087,婦
1088,揮
1089,随
1090,択
1091,清
1092,偽
1093,憎
1094,懸
1095,障
1096,旦
1097,沢
1098,滑
1099,忍
1100,専
1101,溢
1102,砕
1103,称
1104,岩
1105,匹
1106,逸
1107,福
1108,費
1109,候
1110,脚
1111,狩
1112,妃
1113,敬
1114,便
1115,誇
1116,匠
1117,芸
1118,歪
1119,愚
1120,霧
1121,緩
1122,療
1123,給
1124,養
1125,獄
1126,躍
1127,挑
1128,児
1129,宅
1130,委
1131,怯
1132,預
1133,歓
1134,坊
1135,貫
1136,恵
1137,般
1138,午
1139,幕
1140,蔵
1141,膨
1142,紹
1143,虚
1144,挟
1145,源
1146,招
1147,縮
1148,駅
1149,編
1150,載
1151,噛
1152,菓
1153,宣
1154,劇
1155,喋
1156,泊
1157,翼
1158,龍
1159,損
1160,祝
1161,泉
1162,標
1163,祈
1164,拾
1165,緑
1166,停
1167,紫
1168,範
1169,倍
1170,糸
1171,拭
1172,稼
1173,掃
1174,厚
1175,善
1176,倉
1177,永
1178,崎
1179,章
1180,唱
1181,狭
1182,脇
1183,添
1184,環
1185,脅
1186,濃
1187,趣
1188,偉
1189,玄
1190,麻
1191,聴
1192,縛
1193,谷
1194,延
1195,烈
1196,昇
1197,擦
1198,塔
1199,塞
1200,魅
1201,垂
1202,呑
1203,涼
1204,酔
1205,唯
1206,契
1207,河
1208,舐
1209,栄
1210,坂
1211,嫁
1212,占
1213,藤
1214,橋
1215,省
1216,哀
1217,偶
1218,渉
1219,頰
1220,拍
1221,副
1222,蛇
1223,乾
1224,植
1225,遭
1226,亜
1227,賢
1228,奏
1229,拒
1230,瀬
1231,馴
1232,江
1233,鎧
1234,侍
1235,溶
1236,絞
1237,豪
1238,鮮
1239,淡
1240,衆
1241,府
1242,粉
1243,杖
1244,膣
1245,猛
1246,企
1247,郷
1248,尊
1249,孤
1250,審
1251,沙
1252,弓
1253,踊
1254,纏
1255,恨
1256,鍛
1257,筈
1258,針
1259,詞
1260,零
1261,貨
1262,看
1263,秀
1264,隅
1265,則
1266,創
1267,隷
1268,卒
1269,築
1270,博
1271,伊
1272,諸
1273,忠
1274,控
1275,裸
1276,柱
1277,裁
1278,林
1279,札
1280,謎
1281,爪
1282,堪
1283,寧
1284,採
1285,財
1286,械
1287,塗
1288,凍
1289,摘
1290,灰
1291,靴
1292,曜
1293,雅
1294,咲
1295,筆
1296,齢
1297,喧
1298,癒
1299,侯
1300,獲
1301,嘆
1302,遇
1303,律
1304,慎
1305,宗
1306,誓
1307,殊
1308,鎖
1309,噴
1310,揚
1311,詩
1312,謀
1313,乃
1314,這
1315,恩
1316,璧
1317,臣
1318,厄
1319,洋
1320,羅
1321,誕
1322,辿
1323,浅
1324,誠
1325,徴
1326,晶
1327,脈
1328,籠
1329,喰
1330,罰
1331,腐
1332,偵
1333,湧
1334,鈍
1335,泳
1336,賞
1337,漂
1338,僅
1339,賛
1340,乙
1341,泥
1342,癖
1343,翌
1344,卿
1345,唐
1346,伐
1347,棚
1348,苛
1349,叶
1350,把
1351,股
1352,惜
1353,請
1354,塊
1355,紛
1356,訴
1357,囁
1358,枝
1359,惚
1360,仁
1361,釣
1362,徹
1363,譲
1364,噓
1365,寮
1366,米
1367,豊
1368,寺
1369,勿
1370,皿
1371,悠
1372,症
1373,顎
1374,粋
1375,彩
1376,促
1377,勤
1378,牙
1379,凶
1380,松
1381,剥
1382,棄
1383,凝
1384,鈴
1385,縦
1386,削
1387,遮
1388,遂
1389,績
1390,還
1391,据
1392,革
1393,肢
1394,賭
1395,掲
1396,卵
1397,講
1398,掻
1399,漫
1400,災
1401,劣
1402,季
1403,牛
1404,戯
1405,幽
1406,亀
1407,掘
1408,就
1409,摑
1410,洞
1411,犠
1412,牲
1413,盤
1414,嘩
1415,浜
1416,廃
1417,鼓
1418,湖
1419,寸
1420,紋
1421,惨
1422,憩
1423,蒼
1424,肝
1425,港
1426,貧
1427,督
1428,盟
1429,熟
1430,堵
1431,旧
1432,陥
1433,紀
1434,暖
1435,拘
1436,暑
1437,競
1438,述
1439,躇
1440,躊
1441,揉
1442,騙
1443,幅
1444,唾
1445,鑑
1446,釈
1447,畳
1448,斉
1449,吉
1450,錬
1451,赦
1452,卑
1453,捉
1454,益
1455,飼
1456,伴
1457,維
1458,渋
1459,掌
1460,催
1461,浸
1462,澄
1463,蓋
1464,州
1465,幹
1466,粒
1467,愉
1468,眩
1469,憧
1470,尉
1471,臨
1472,墓
1473,訝
1474,岸
1475,農
1476,瓶
1477,袖
1478,津
1479,僧
1480,徐
1481,患
1482,拝
1483,貌
1484,概
1485,磨
1486,診
1487,童
1488,蓮
1489,孫
1490,愕
1491,免
1492,雫
1493,雇
1494,罠
1495,俯
1496,富
1497,豆
1498,粘
1499,卓
1500,智
1501,拡
1502,排
1503,帳
1504,誌
1505,隔
1506,筒
1507,酸
1508,壇
1509,航
1510,敏
1511,爺
1512,妬
1513,鋼
1514,塩
1515,典
1516,康
1517,汁
1518,窺
1519,骸
1520,煮
1521,畑
1522,葵
1523,也
1524,蘇
1525,弄
1526,閣
1527,嚙
1528,覧
1529,忌
1530,胆
1531,之
1532,錯
1533,虐
1534,没
1535,斐
1536,尖
1537,却
1538,狐
1539,虎
1540,繁
1541,帽
1542,穂
1543,巫
1544,託
1545,唸
1546,斜
1547,序
1548,潤
1549,慰
1550,旗
1551,叔
1552,叱
1553,芝
1554,兼
1555,寿
1556,縄
1557,撤
1558,苗
1559,億
1560,邸
1561,妄
1562,痕
1563,勧
1564,徳
1565,飽
1566,党
1567,滲
1568,償
1569,傭
1570,麦
1571,奉
1572,班
1573,池
1574,閃
1575,滴
1576,潔
1577,朱
1578,渦
1579,紗
1580,羊
1581,捧
1582,嵐
1583,痺
1584,網
1585,梨
1586,往
1587,阻
1588,潮
1589,窟
1590,翻
1591,讐
1592,仏
1593,濁
1594,嘲
1595,羨
1596,婆
1597,版
1598,堅
1599,憂
1600,凛
1601,励
1602,貼
1603,漢
1604,贈
1605,滞
1606,枕
1607,核
1608,巣
1609,詠
1610,伺
1611,沿
1612,艶
1613,署
1614,項
1615,肯
1616,丘
1617,鞄
1618,牢
1619,憑
1620,珠
1621,辱
1622,較
1623,岡
1624,鍋
1625,鉱
1626,鬱
1627,喫
1628,痴
1629,轟
1630,誉
1631,睡
1632,廷
1633,塵
1634,豚
1635,泡
1636,妾
1637,是
1638,嫉
1639,葬
1640,析
1641,莉
1642,咳
1643,嗟
1644,湿
1645,璃
1646,履
1647,晒
1648,酬
1649,軌
1650,販
1651,昧
1652,悶
1653,旋
1654,挿
1655,遥
1656,蒸
1657,宴
1658,漠
1659,竹
1660,膜
1661,慈
1662,征
1663,捻
1664,購
1665,桃
1666,融
1667,巧
1668,楓
1669,鎮
1670,剤
1671,吊
1672,庁
1673,熊
1674,裾
1675,弥
1676,擬
1677,庇
1678,綾
1679,砦
1680,淫
1681,傘
1682,憤
1683,稽
1684,棟
1685,胃
1686,浄
1687,咄
1688,尚
1689,呻
1690,刹
1691,嗅
1692,賀
1693,献
1694,餌
1695,詮
1696,此
1697,輸
1698,醒
1699,敢
1700,琴
1701,冊
1702,曖
1703,隼
1704,募
1705,鐘
1706,銭
1707,胴
1708,縫
1709,壮
1710,凪
1711,駐
1712,醜
1713,囚
1714,翠
1715,梅
1716,紡
1717,斗
1718,駒
1719,沸
1720,攣
1721,薇
1722,憐
1723,阿
1724,奢
1725,薔
1726,曇
1727,蜜
1728,殻
1729,胞
1730,猿
1731,怠
1732,杏
1733,稿
1734,殆
1735,疎
1736,瓦
1737,枯
1738,矛
1739,勃
1740,兎
1741,瑞
1742,均
1743,穢
1744,架
1745,芽
1746,罵
1747,鱗
1748,峰
1749,蜘
1750,蛛
1751,翔
1752,炭
1753,缶
1754,汰
1755,符
1756,拐
1757,侮
1758,笛
1759,茂
1760,儂
1761,乏
1762,竦
1763,爽
1764,佳
1765,濯
1766,漆
1767,扇
1768,籍
1769,搔
1770,糖
1771,須
1772,粗
1773,県
1774,畜
1775,牧
1776,喪
1777,僚
1778,繫
1779,賑
1780,浪
1781,税
1782,軒
1783,漁
1784,疾
1785,窮
1786,拙
1787,剝
1788,彫
1789,綱
1790,妨
1791,肘
1792,梓
1793,橘
1794,票
1795,蔑
1796,膚
1797,著
1798,拗
1799,絆
1800,凡
1801,啓
1802,宰
1803,藩
1804,茜
1805,沼
1806,撒
1807,斧
1808,荘
1809,斎
1810,炉
1811,妊
1812,紐
1813,崖
1814,箇
1815,覇
1816,棋
1817,剛
1818,厨
1819,顧
1820,枠
1821,鷹
1822,暫
1823,薙
1824,霞
1825,粧
1826,磁
1827,蓄
1828,披
1829,渇
1830,逢
1831,煽
1832,稲
1833,陶
1834,欺
1835,帆
1836,鎌
1837,鞭
1838,耗
1839,皺
1840,芳
1841,沖
1842,錠
1843,銅
1844,恭
1845,旨
1846,逮
1847,垣
1848,踵
1849,滝
1850,瑠
1851,屍
1852,瞼
1853,釘
1854,哲
1855,貞
1856,仇
1857,襟
1858,惹
1859,冠
1860,朗
1861,迂
1862,貯
1863,蝶
1864,糧
1865,脂
1866,些
1867,暁
1868,堕
1869,萌
1870,偏
1871,冥
1872,槌
1873,繕
1874,穫
1875,悦
1876,佇
1877,雀
1878,昏
1879,蜂
1880,秩
1881,猟
1882,喘
1883,吾
1884,繊
1885,箸
1886,礎
1887,頻
1888,珀
1889,琥
1890,馳
1891,軋
1892,鞘
1893,胡
1894,薫
1895,畏
1896,艇
1897,雛
1898,蟲
1899,痙
1900,吠
1901,摩
1902,廻
1903,顕
1904,髭
1905,掠
1906,慕
1907,臆
1908,詫
1909,軟
1910,邦
1911,禍
1912,溺
1913,咎
1914,昂
1915,懇
1916,埃
1917,蛍
1918,閥
1919,俗
1920,咆
1921,湊
1922,瞑
1923,剰
1924,獅
1925,倫
1926,奔
1927,衰
1928,紳
1929,柳
1930,餅
1931,塾
1932,戴
1933,隻
1934,銘
1935,飢
1936,舟
1937,峙
1938,株
1939,贅
1940,礫
1941,赴
1942,緯
1943,燥
1944,冴
1945,涯
1946,慨
1947,鉢
1948,顰
1949,摂
1950,眷
1951,刷
1952,戚
1953,冶
1954,澪
1955,姓
1956,拓
1957,遙
1958,鶴
1959,苑
1960,墜
1961,淹
1962,径
1963,穿
1964,藍
1965,稀
1966,抽
1967,虹
1968,妥
1969,枢
1970,蠢
1971,哮
1972,怨
1973,圏
1974,抉
1975,亭
1976,玲
1977,瞥
1978,謙
1979,丹
1980,漬
1981,綿
1982,噌
1983,烏
1984,腫
1985,淵
1986,兆
1987,柊
1988,其
1989,燐
1990,宜
1991,煩
1992,括
1993,塚
1994,柚
1995,殲
1996,櫂
1997,亮
1998,貪
1999,刊
2000,翡
2001,儲
2002,羞
2003,拷
2004,併
2005,闊
2006,巾
2007,鳳
2008,浦
2009,娠
2010,孔
2011,宵
2012,虜
2013,詐
2014,煌
2015,椿
2016,汝
2017,杉
2018,仙
2019,謁
2020,菊
2021,咥
2022,肥
2023,蘭
2024,傲
2025,嵌
2026,庶
2027,鶏
2028,郭
2029,躱
2030,檻
2031,朧
2032,肺
2033,串
2034,桐
2035,貢
2036,孝
2037,崇
2038,睦
2039,綻
2040,弦
2041,汐
2042,懲
2043,辻
2044,彷
2045,芯
2046,碧
2047,券
2048,贄
2049,凌
2050,壺
2051,曰
2052,鉛
2053,稚
2054,寛
2055,縋
2056,炊
2057,牽
2058,曹
2059,岐
2060,蛮
2061,舗
2062,硝
2063,鳩
2064,薦
2065,葛
2066,茉
2067,宛
2068,洩
2069,痩
2070,諾
2071,吟
2072,軸
2073,焚
2074,芋
2075,盆
2076,諭
2077,隆
2078,粛
2079,絨
2080,狽
2081,侶
2082,恰
2083,慄
2084,匿
2085,刈
2086,頓
2087,抹
2088,批
2089,錆
2090,篠
2091,某
2092,腸
2093,攫
2094,殖
2095,遜
2096,婿
2097,俊
2098,傑
2099,喝
2100,兜
2101,咽
2102,飴
2103,貝
2104,乞
2105,湾
2106,彦
2107,眸
2108,柵
2109,搾
2110,毯
2111,洒
2112,絹
2113,蕩
2114,灼
2115,桁
2116,慶
2117,沌
2118,竿
2119,弊
2120,套
2121,塀
2122,棺
2123,紺
2124,姻
2125,冑
2126,髄
2127,圭
2128,萎
2129,哉
2130,腑
2131,汲
2132,躙
2133,燈
2134,炸
2135,搬
2136,岬
2137,袈
2138,裟
2139,嗜
2140,栖
2141,暦
2142,搭
2143,又
2144,棲
2145,槽
2146,瘴
2147,賃
2148,茎
2149,渾
2150,堀
2151,辰
2152,垢
2153,或
2154,蔽
2155,昭
2156,厭
2157,阪
2158,莫
2159,渚
2160,墨
2161,甚
2162,脆
2163,擁
2164,跪
2165,鷲
2166,撲
2167,椎
2168,巴
2169,沫
2170,胎
2171,閑
2172,培
2173,媚
2174,螺
2175,爛
2176,謹
2177,嗚
2178,淑
2179,媒
2180,玩
2181,菌
2182,狗
2183,衡
2184,葱
2185,逐
2186,腿
2187,娼
2188,欧
2189,淀
2190,蝕
2191,蹂
2192,唖
2193,楼
2194,桶
2195,賜
2196,只
2197,栗
2198,燭
2199,徨
2200,颯
2201,韻
2202,帥
2203,朔
2204,擲
2205,丼
2206,挫
2207,朽
2208,囮
2209,糞
2210,克
2211,嚇
2212,捌
2213,伽
2214,嬌
2215,猪
2216,繍
2217,訂
2218,耕
2219,瞭
2220,劫
2221,鼠
2222,蒔
2223,恒
2224,餓
2225,簿
2226,櫻
2227,憲
2228,膳
2229,耶
2230,奨
2231,壬
2232,倣
2233,儚
2234,駕
2235,豹
2236,嗤
2237,賓
2238,呈
2239,祐
2240,儘
2241,薩
2242,尿
2243,祓
2244,斥
2245,盲
2246,踪
2247,采
2248,墟
2249,躯
2250,捲
2251,菫
2252,欄
2253,聡
2254,樽
2255,陳
2256,孕
2257,榊
2258,巳
2259,薪
2260,猶
2261,凜
2262,綴
2263,廉
2264,猥
2265,跨
2266,咒
2267,蔓
2268,諜
2269,疼
2270,朴
2271,緋
2272,后
2273,棘
2274,桂
2275,坐
2276,迸
2277,需
2278,餐
2279,疫
2280,柏
2281,溝
2282,褐
2283,腔
2284,轄
2285,躰
2286,篭
2287,啜
2288,杭
2289,仔
2290,昴
2291,痒
2292,泰
2293,癪
2294,譜
2295,蟻
2296,逡
2297,屑
2298,蚊
2299,摯
2300,郵
2301,秤
2302,蜥
2303,蜴
2304,喩
2305,躾
2306,凹
2307,雌
2308,茫
2309,鞠
2310,肖
2311,祥
2312,醸
2313,騰
2314,拉
2315,藻
2316,姐
2317,遡
2318,迅
2319,勲
2320,埒
2321,践
2322,煉
2323,檎
2324,唄
2325,芹
2326,麺
2327,皐
2328,郊
2329,惰
2330,狸
2331,枷
2332,遍
2333,瀕
2334,娯
2335,逝
2336,摺
2337,舵
2338,謳
2339,昆
2340,梯
2341,該
2342,琢
2343,蝋
2344,醤
2345,靄
2346,毅
2347,涎
2348,寵
2349,郡
2350,吼
2351,戮
2352,岳
2353,於
2354,辣
2355,閲
2356,楚
2357,梢
2358,惧
2359,祟
2360,瓜
2361,郁
2362,斑
2363,笠
2364,峯
2365,弧
2366,恍
2367,篤
2368,焔
2369,翁
2370,宥
2371,靡
2372,牡
2373,洲
2374,陵
2375,蔭
2376,釜
2377,怜
2378,填
2379,逞
2380,炒
2381,糾
2382,嶋
2383,鯨
2384,慧
2385,庵
2386,幡
2387,湛
2388,酌
2389,貶
2390,嫡
2391,詛
2392,措
2393,梗
2394,幣
2395,翳
2396,襖
2397,厩
2398,賄
2399,笹
2400,杜
2401,獰
2402,幌
2403,汽
2404,碗
2405,輿
2406,繭
2407,循
2408,瞠
2409,焉
2410,尺
2411,襞
2412,筧
2413,橙
2414,蔦
2415,隈
2416,啞
2417,嘉
2418,漕
2419,藁
2420,蛙
2421,碑
2422,愁
2423,坑
2424,朦
2425,堤
2426,鞍
2427,弛
2428,讃
2429,耽
2430,箒
2431,駿
2432,夷
2433,呉
2434,挽
2435,旬
2436,貿
2437,准
2438,滓
2439,栽
2440,叉
2441,煎
2442,掟
2443,錦
2444,剖
2445,仄
2446,蹟
2447,萩
2448,憫
2449,謂
2450,俳
2451,嶺
2452,燻
2453,磐
2454,狡
2455,茨
2456,姦
2457,禄
2458,窪
2459,傀
2460,儡
2461,挺
2462,咀
2463,嚼
2464,桑
2465,栞
2466,揄
2467,揶
2468,矜
2469,樫
2470,澤
2471,棍
2472,痣
2473,甦
2474,旭
2475,葡
2476,撥
2477,弘
2478,萄
2479,屠
2480,叡
2481,榴
2482,壱
2483,梁
2484,熾
2485,睫
2486,疇
2487,掬
2488,妓
2489,苔
2490,屯
2491,唆
2492,噤
2493,柴
2494,桔
2495,憚
2496,鵜
2497,蟹
2498,禅
2499,膏
2500,藪
2501,昌
2502,暢
2503,轢
2504,淋
2505,麓
2506,隕
2507,蹲
2508,祠
2509,洛
2510,齧
2511,鴨
2512,燦
2513,碌
2514,祀
2515,卯
2516,戟
2517,塁
2518,董
2519,穀
2520,俄
2521,酢
2522,姪
2523,瘦
2524,贋
2525,呵
2526,享
2527,俵
2528,鴉
2529,濤
2530,吏
2531,渓
2532,忽
2533,彰
2534,楯
2535,芻
2536,窒
2537,謡
2538,杞
2539,茹
2540,捩
2541,霜
2542,勅
2543,緻
2544,燕
2545,暈
2546,飄
2547,贔
2548,坦
2549,駈
2550,浩
2551,粥
2552,蝙
2553,蝠
2554,屓
2555,櫛
2556,肪
2557,禿
2558,峡
2559,魁
2560,鉤
2561,咤
2562,裔
2563,剃
2564,苺
2565,李
2566,迦
2567,捗
2568,褪
2569,悍
2570,栓
2571,碁
2572,輔
2573,凰
2574,詣
2575,債
2576,姑
2577,叙
2578,肋
2579,箋
2580,峠
2581,癇
2582,曾
2583,捏
2584,佑
2585,篝
2586,甥
2587,珈
2588,琲
2589,舷
2590,蒲
2591,鋏
2592,洪
2593,尼
2594,附
2595,憮
2596,頸
2597,叛
2598,肛
2599,粟
2600,冤
2601,弔
2602,袴
2603,條
2604,尤
2605,悧
2606,遽
2607,梳
2608,蕾
2609,炙
2610,靭
2611,矯
2612,屁
2613,斃
2614,寡
2615,玖
2616,鍔
2617,蕎
2618,凸
2619,捷
2620,哨
2621,徊
2622,裡
2623,韓
2624,癌
2625,桟
2626,徘
2627,吻
2628,朋
2629,惣
2630,煤
2631,伍
2632,菱
2633,滾
2634,鹸
2635,佃
2636,嘔
2637,悸
2638,鉈
2639,卸
2640,遷
2641,堰
2642,僭
2643,澱
2644,茸
2645,榛
2646,賽
2647,鷺
2648,譚
2649,窘
2650,播
2651,錐
2652,饅
2653,猾
2654,宦
2655,累
2656,噪
2657,鋒
2658,嬲
2659,柿
2660,侘
2661,哄
2662,楠
2663,饒
2664,贖
2665,酵
2666,賦
2667,懺
2668,漸
2669,匙
2670,汎
2671,伎
2672,硯
2673,椛
2674,蠟
2675,畔
2676,翅
2677,蠅
2678,刎
2679,拮
2680,轍
2681,磯
2682,琉
2683,鵺
2684,蒙
2685,蹄
2686,但
2687,椀
2688,稟
2689,螢
2690,辟
2691,漲
2692,軀
2693,倦
2694,曝
2695,漣
2696,膠
2697,諫
2698,嘗
2699,錫
2700,樋
2701,瑛
2702,腺
2703,盃
2704,膂
2705,賠
2706,旺
2707,嗣
2708,蝉
2709,弩
2710,髏
2711,髑
2712,泌
2713,弐
2714,謐
2715,殉
2716,簾
2717,悴
2718,窃
2719,哭
2720,芦
2721,彿
2722,恕
2723,攪
2724,瘍
2725,壕
2726,顛
2727,曽
2728,芒
2729,囃
2730,憔
2731,遼
2732,蠍
2733,糊
2734,雁
2735,褄
2736,蚕
2737,几
2738,屹
2739,楔
2740,鯉
2741,莪
2742,脊
2743,嶽
2744,朶
2745,麟
2746,噺
2747,勾
2748,晦
2749,孵
2750,躓
2751,娶
2752,珊
2753,滸
2754,庸
2755,裳
2756,窄
2757,沁
2758,聳
2759,戌
2760,瑚
2761,鮫
2762,毟
2763,猊
2764,汀
2765,憾
2766,倖
2767,瞰
2768,諒
2769,痍
2770,棗
2771,悉
2772,脛
2773,櫓
2774,賤
2775,祷
2776,縞
2777,氣
2778,鮎
2779,蓼
2780,扮
2781,慟
2782,窯
2783,諏
2784,臥
2785,逅
2786,邂
2787,睥
2788,凱
2789,禽
2790,媛
2791,泄
2792,嚢
2793,塡
2794,廟
2795,庄
2796,僥
2797,醍
2798,醐
2799,筐
2800,椒
2801,餃
2802,罹
2803,悼
2804,搦
2805,簪
2806,膿
2807,臼
2808,蝦
2809,撰
2810,樵
2811,篇
2812,且
2813,鱈
2814,埼
2815,慇
2816,懃
2817,粕
2818,賂
2819,菩
2820,蠱
2821,頁
2822,瞞
2823,箔
2824,爬
2825,芙
2826,巷
2827,陀
2828,柑
2829,函
2830,嵩
2831,縷
2832,檀
2833,絢
2834,眇
2835,芥
2836,濫
2837,鯛
2838,矮
2839,扶
2840,榎
2841,稜
2842,詭
2843,涜
2844,呷
2845,啖
2846,巌
2847,麒
2848,鮭
2849,嘯
2850,鑽
2851,袂
2852,荊
2853,蓉
2854,諍
2855,琵
2856,琶
2857,彙
2858,涛
2859,彗
2860,魄
2861,敦
2862,槻
2863,驕
2864,蛾
2865,腎
2866,狛
2867,靖
2868,茅
2869,鳶
2870,壌
2871,蜃
2872,絃
2873,肴
2874,鰻
2875,曳
2876,磔
2877,酎
2878,毬
2879,嘴
2880,紬
2881,穣
2882,牌
2883,樺
2884,筑
2885,瀧
2886,窩
2887,蒐
2888,亘
2889,斡
2890,烙
2891,虔
2892,滋
2893,笥
2894,壷
2895,惠
2896,誅
2897,梶
2898,鍬
2899,湘
2900,硫
2901,蓑
2902,奧
2903,訟
2904,吃
2905,泪
2906,楊
2907,梟
2908,穹
2909,鴻
2910,藉
2911,黛
2912,柩
2913,牝
2914,攘
2915,餉
2916,臀
2917,擢
2918,礁
2919,齎
2920,憊
2921,夥
2922,靱
2923,竄
2924,鋳
2925,宏
2926,拵
2927,楕
2928,竈
2929,訣
2930,鏃
2931,國
2932,迄
2933,叢
2934,晰
2935,誹
2936,秦
2937,繡
2938,僻
2939,憬
2940,朕
2941,箪
2942,齟
2943,齬
2944,訛
2945,臍
2946,腱
2947,蛸
2948,墳
2949,遁
2950,恫
2951,姜
2952,跋
2953,燎
2954,埠
2955,輌
2956,逗
2957,罅
2958,囓
2959,簒
2960,倶
2961,涸
2962,鋸
2963,祉
2964,鼬
2965,淘
2966,咬
2967,莢
2968,淳
2969,鯱
2970,蟬
2971,胤
2972,銛
2973,腋
2974,扈
2975,荻
2976,邁
2977,藝
2978,誑
2979,誼
2980,燼
2981,舶
2982,啼
2983,葦
2984,蓬
2985,劒
2986,疹
2987,阜
2988,劉
2989,簀
2990,疵
2991,毘
2992,餡
2993,匣
2994,桿
2995,貘
2996,丞
2997,柘
2998,塹
2999,韋
3000,升
3001,魎
3002,祇
3003,站
3004,轡
3005,蛆
3006,詈
3007,侭
3008,堆
3009,闖
3010,袁
3011,瘤
3012,嗄
3013,斯
3014,纂
3015,葎
3016,蝿
3017,謗
3018,嚥
3019,氾
3020,蝗
3021,潟
3022,餞
3023,托
3024,竪
3025,勒
3026,猩
3027,睾
3028,饉
3029,鬨
3030,帛
3031,鄙
3032,楢
3033,諌
3034,乖
3035,菅
3036,綜
3037,鍾
3038,邏
3039,帖
3040,皓
3041,眦
3042,魏
3043,凭
3044,奸
3045,而
3046,杓
3047,撹
3048,猜
3049,遵
3050,佩
3051,鶯
3052,酊
3053,酩
3054,灌
3055,碍
3056,咫
3057,駁
3058,兇
3059,鑢
3060,瑕
3061,蠕
3062,炬
3063,訥
3064,巽
3065,顚
3066,宋
3067,艘
3068,惟
3069,閨
3070,坪
3071,衾
3072,竺
3073,罷
3074,漿
3075,墾
3076,滔
3077,閻
3078,懊
3079,騨
3080,做
3081,鯖
3082,饗
3083,茄
3084,嘶
3085,閂
3086,埴
3087,杵
3088,沃
3089,鑓
3090,抓
3091,囀
3092,哺
3093,鏖
3094,亥
3095,鉾
3096,魍
3097,砥
3098,痢
3099,寥
3100,擽
3101,醬
3102,趨
3103,揆
3104,麾
3105,寅
3106,侠
3107,燵
3108,荼
3109,諺
3110,愴
3111,璽
3112,紆
3113,帷
3114,瀉
3115,舳
3116,洸
3117,悄
3118,撼
3119,黎
3120,檜
3121,衷
3122,啄
3123,梱
3124,澹
3125,晋
3126,藹
3127,碇
3128,綽
3129,膵
3130,櫃
3131,醇
3132,欒
3133,菖
3134,畿
3135,焙
3136,拌
3137,犀
3138,吋
3139,懣
3140,爾
3141,鬚
3142,灸
3143,頽
3144,徽
3145,肚
3146,鴎
3147,狒
3148,黴
3149,禱
3150,檄
3151,錨
3152,捺
3153,毀
3154,租
3155,蜻
3156,凧
3157,蛭
3158,禊
3159,蛉
3160,邑
3161,傅
3162,洟
3163,瓢
3164,籐
3165,鰹
3166,峻
3167,螂
3168,瀟
3169,誂
3170,蟷
3171,鬣
3172,俸
3173,髯
3174,盧
3175,羹
3176,鰐
3177,椋
3178,鋲
3179,恣
3180,瑤
3181,鏑
3182,筏
3183,撓
3184,玻
3185,陪
3186,蠣
3187,丑
3188,漱
3189,噎
3190,雹
3191,逼
3192,斛
3193,鍮
3194,濠
3195,鳰
3196,剪
3197,霹
3198,靂
3199,廓
3200,沽
3201,魯
3202,厠
3203,喊
3204,鹼
3205,剌
3206,夾
3207,眈
3208,襦
3209,痘
3210,閤
3211,輛
3212,剋
3213,卜
3214,磋
3215,亨
3216,婉
3217,愾
3218,鵠
3219,赫
3220,隘
3221,舜
3222,肆
3223,儒
3224,曙
3225,卍
3226,倅
3227,忸
3228,怩
3229,註
3230,慾
3231,獪
3232,胱
3233,膀
3234,渕
3235,諧
3236,劾
3237,鵬
3238,劈
3239,溌
3240,蜀
3241,蟇
3242,坤
3243,倹
3244,褸
3245,襤
3246,瀆
3247,柾
3248,吝
3249,鐵
3250,鑿
3251,刮
3252,袱
3253,盥
3254,萬
3255,謬
3256,濾
3257,酪
3258,栃
3259,仗
3260,涌
3261,偲
3262,覿
3263,濘
3264,訶
3265,崑
3266,崙
3267,畠
3268,吞
3269,甕
3270,廠
3271,魑
3272,袢
3273,錘
3274,憺
3275,卦
3276,愧
3277,麹
3278,辜
3279,尭
3280,瑣
3281,偃
3282,馨
3283,鰭
3284,按
3285,銜
3286,熔
3287,截
3288,壜
3289,邯
3290,鄲
3291,鑼
3292,棹
3293,亦
3294,葺
3295,盪
3296,歎
3297,峨
3298,倭
3299,槐
3300,俣
3301,嘱
3302,蝮
3303,鐙
3304,蛹
3305,蕉
3306,吽
3307,茗
3308,牆
3309,鞋
3310,蘆
3311,駝
3312,檬
3313,檸
3314,梃
3315,褻
3316,繚
3317,槇
3318,摸
3319,椰
3320,芭
3321,鸚
3322,瀑
3323,蛟
3324,脹
3325,屏
3326,𠮟
3327,鵡
3328,鹵
3329,薊
3330,忖
3331,匕
3332,蟠
3333,嵯
3334,烹
3335,霆
3336,沱
3337,滂
3338,寓
3339,瘡
3340,訃
3341,厘
3342,畝
3343,譫
3344,籤
3345,駱
3346,鈎
3347,鴇
3348,迭
3349,冽
3350,舅
3351,詔
3352,匪
3353,耄
3354,躅
3355,躑
3356,躁
3357,灘
3358,闢
3359,髷
3360,簞
3361,恃
3362,筵
3363,虱
3364,鍼
3365,浚
3366,曼
3367,縊
3368,聊
3369,緞
3370,娩
3371,蜩
3372,掩
3373,竟
3374,箍
3375,驢
3376,雉
3377,衿
3378,縺
3379,漉
3380,蕗
3381,幟
3382,痔
3383,頚
3384,匍
3385,聾
3386,濛
3387,臂
3388,鵞
3389,坩
3390,堝
3391,竃
3392,棕
3393,炮
3394,俱
3395,餮
3396,饕
3397,嬰
3398,桧
3399,隧
3400,褥
3401,箝
3402,皙
3403,笏
3404,兌
3405,棠
3406,蟄
3407,笈
3408,炯
3409,櫚
3410,埜
3411,榜
3412,艱
3413,斂
3414,嬪
3415,糠
3416,臙
3417,眞
3418,肱
3419,酋
3420,聘
3421,髙
3422,娑
3423,箏
3424,襷
3425,銚
3426,瀾
3427,樟
3428,疚
3429,誦
3430,姥
3431,橇
3432,耀
3433,孺
3434,掏
3435,慚
3436,斟
3437,牒
3438,鼾
3439,釉
3440,箕
3441,燗
3442,槙
3443,畢
3444,俟
3445,庚
3446,麿
3447,吶
3448,頤
3449,賎
3450,瑶
3451,梧
3452,梵
3453,痰
3454,葫
3455,來
3456,蕃
3457,閾
3458,槃
3459,脾
3460,丙
3461,蕪
3462,涅
3463,蛤
3464,剽
3465,馭
3466,圃
3467,匐
3468,薯
3469,鬩
3470,鉗
3471,堡
3472,已
3473,儺
3474,麩
3475,鼎
3476,扁
3477,恢
3478,谺
3479,鋤
3480,輜
3481,跫
3482,箭
3483,毫
3484,瑜
3485,浣
3486,霰
3487,碩
3488,斤
3489,諮
3490,衒
3491,鬘
3492,籾
3493,橿
3494,筍
3495,幇
3496,寨
3497,袍
3498,殷
3499,囂
3500,譬
3501,虞
3502,喇
3503,疱
3504,薮
3505,瑙
3506,瑪
3507,沓
3508,趙
3509,韜
3510,叭
3511,婢
3512,嫂
3513,擾
3514,蚓
3515,蚯
3516,麝
3517,款
3518,奕
3519,鸞
3520,韮
3521,罐
3522,饐
3523,孟
3524,欝
3525,蝸
3526,畦
3527,鉦
3528,撞
3529,謄
3530,濱
3531,矩
3532,欅
3533,顫
3534,鵲
3535,敲
3536,釦
3537,謔
3538,魘
3539,攀
3540,抄
3541,颶
3542,蛋
3543,沐
3544,磊
3545,儕
3546,惡
3547,喀
3548,羆
3549,倆
3550,允
3551,蕁
3552,乎
3553,凋
3554,枳
3555,獺
3556,奄
3557,嫣
3558,拿
3559,鰯
3560,絽
3561,萱
3562,會
3563,莞
3564,酉
3565,蚤
3566,瞋
3567,窶
3568,緘
3569,腥
3570,蕨
3571,緬
3572,綯
3573,什
3574,寇
3575,鉋
3576,驀
3577,框
3578,穽
3579,縒
3580,擂
3581,諳
3582,杳
3583,蹙
3584,鮨
3585,胚
3586,驟
3587,冨
3588,廿
3589,鱒
3590,懦
3591,堺
3592,渠
3593,頒
3594,閏
3595,潑
3596,寞
3597,虻
3598,踝
3599,恙
3600,莱
3601,楡
3602,胛
3603,籃
3604,拇
3605,諤
3606,篩
3607,聯
3608,刳
3609,骰
3610,軛
3611,褌
3612,鎬
3613,蘊
3614,犇
3615,氈
3616,縹
3617,恬
3618,廣
3619,禦
3620,撻
3621,獏
3622,蓙
3623,鄭
3624,砧
3625,慥
3626,逍
3627,俎
3628,趾
3629,苫
3630,淆
3631,艫
3632,踞
3633,鮒
3634,輻
3635,貂
3636,罌
3637,鑷
3638,晨
3639,笊
3640,蝎
3641,鴛
3642,鴦
3643,欣
3644,伜
3645,秣
3646,无
3647,懼
3648,狢
3649,畸
3650,篁
3651,臑
3652,坎
3653,凉
3654,鞴
3655,矍
3656,鑠
3657,茣
3658,疋
3659,黍
3660,歿
3661,芍
3662,嶮
3663,嗾
3664,怙
3665,夙
3666,鼈
3667,鶫
3668,鐸
3669,繻
3670,址
3671,錚
3672,龕
3673,蜷
3674,尸
3675,頗
3676,恚
3677,佗
3678,搗
3679,塙
3680,枡
3681,瓏
3682,崋
3683,鎗
3684,荏
3685,顏
3686,糺
3687,熨
3688,愈
3689,抒
3690,帙
3691,昵
3692,戎
3693,檣
3694,匁
3695,瓊
3696,舫
3697,舂
3698,桓
3699,袷
3700,盒
3701,紘
3702,掣
3703,圓
3704,蛞
3705,蝓
3706,疸
3707,邀
3708,綬
3709,珪
3710,鍍
3711,鬢
3712,陋
3713,塒
3714,扼
3715,聚
3716,樅
3717,瀝
3718,尹
3719,菰
3720,槿
3721,禰
3722,乍
3723,擱
3724,抛
3725,屛
3726,仆
3727,驒
3728,戈
3729,擡
3730,弼
3731,殭
3732,壽
3733,鰓
3734,鷗
3735,飜
3736,綸
3737,脣
3738,讒
3739,罫
3740,茲
3741,搏
3742,逓
3743,俥
3744,潭
3745,繞
3746,烟
3747,呶
3748,碓
3749,嗇
3750,旱
3751,鏝
3752,麭
3753,忝
3754,弑
3755,紮
3756,漑
3757,竣
3758,羌
3759,蹌
3760,劍
3761,嫋
3762,貉
3763,鈿
3764,拱
3765,聲
3766,闍
3767,垓
3768,繃
3769,欽
3770,踉
3771,匡
3772,狄
3773,戊
3774,藷
3775,廏
3776,亢
3777,軻
3778,疽
3779,弋
3780,膾
3781,匈
3782,蒻
3783,蒟
3784,皹
3785,髣
3786,髴
3787,甜
3788,羈
3789,聟
3790,鮪
3791,劃
3792,絣
3793,撚
3794,耆
3795,赭
3796,埓
3797,鱧
3798,愍
3799,牟
3800,辷
3801,蕭
3802,柢
3803,舘
3804,莟
3805,鮑
3806,瘠
3807,皴
3808,羂
3809,繹
3810,釵
3811,崗
3812,薺
3813,覯
3814,瘧
3815,蒜
3816,鰌
3817,桝
3818,疏
3819,雖
3820,莵
3821,俤
3822,艤
3823,釧
3824,鞣
3825,渺
3826,鯵
3827,廬
3828,圀
3829,侃
3830,廂
3831,捥
3832,曠
3833,渥
3834,號
3835,婁
3836,馥
3837,佞
3838,寐
3839,諷
3840,喬
3841,夭
3842,鎚
3843,嶼
3844,鱸
3845,彬
3846,稔
3847,鴒
3848,鶺
3849,箴
3850,慙
3851,覡
3852,幔
3853,徂
3854,徠
3855,顆
3856,忿
3857,慊
3858,塑
3859,與
3860,馗
3861,煖
3862,誨
3863,騏
3864,幀
3865,悋
3866,襴
3867,于
3868,伶
3869,蚣
3870,蜈
3871,翰
3872,驎
3873,鯰
3874,杷
3875,羚
3876,蹈
3877,艷
3878,裃
3879,楷
3880,冰
3881,杢
3882,跛
3883,圖
3884,莨
3885,挾
3886,魃
3887,晃
3888,濶
3889,庖
3890,砒
3891,筅
3892,僑
3893,悖
3894,諱
3895,瀞
3896,溯
3897,俠
3898,楪
3899,笙
3900,稗
3901,筺
3902,宸
3903,諄
3904,頌
3905,艪
3906,薗
3907,旒
3908,侈
3909,潅
3910,泛
3911,糎
3912,跣
3913,溂
3914,篷
3915,襯
3916,鏤
3917,蒋
3918,屡
3919,个
3920,鴫
3921,笞
3922,杠
3923,禎
3924,葭
3925,黝
3926,髻
3927,浬
3928,斌
3929,睛
3930,谿
3931,孰
3932,應
3933,宍
3934,恤
3935,蒡
3936,蔡
3937,薨
3938,艀
3939,薀
3940,鑚
3941,嶌
3942,鰊
3943,栂
3944,癩
3945,媼
3946,莚
3947,佻
3948,糟
3949,跏
3950,弖
3951,蝟
3952,厖
3953,椚
3954,逵
3955,勺
3956,稠
3957,蓆
3958,腟
3959,椥
3960,諂
3961,慳
3962,羯
3963,譴
3964,穎
3965,焜
3966,燧
3967,苅
3968,醗
3969,潁
3970,銑
3971,旌
3972,繙
3973,懶
3974,甍
3975,粁
3976,霙
3977,饌
3978,娥
3979,嫦
3980,癲
3981,盂
3982,蹠
3983,哩
3984,樒
3985,禹
3986,枇
3987,梏
3988,篦
3989,烽
3990,邕
3991,瀚
3992,簑
3993,侑
3994,桎
3995,痾
3996,蟀
3997,臘
3998,鈷
3999,鞆
4000,狷
4001+,錺
4001+,颱
4001+,醂
4001+,蝲
4001+,諚
4001+,懷
4001+,釿
4001+,鰰
4001+,綵
4001+,袗
4001+,裲
4001+,剄
4001+,刖
4001+,瘰
4001+,遉
4001+,輓
4001+,迹
4001+,譏
4001+,娵
4001+,虬
4001+,筌
4001+,鷸
4001+,喙
4001+,疆
4001+,幢
4001+,蚩
4001+,蔚
4001+,檳
4001+,佯
4001+,螯
4001+,鬻
4001+,掉
4001+,飩
4001+,鄧
4001+,儞
4001+,湃
4001+,粢
4001+,楮
4001+,蔔
4001+,裘
4001+,嬋
4001+,癸
4001+,鴬
4001+,當
4001+,隋
4001+,蕈
4001+,犂
4001+,覦
4001+,巍
4001+,脩
4001+,蕊
4001+,歇
4001+,楳
4001+,腮
4001+,剿
4001+,鋩
4001+,齲
4001+,靆
4001+,噫
4001+,檗
4001+,緇
4001+,轤
4001+,瓩
4001+,餠
4001+,柒
4001+,絋
4001+,贓
4001+,疣
4001+,顱
4001+,廐
4001+,愎
4001+,椹
4001+,淺
4001+,纜
4001+,曉
4001+,橈
4001+,礦
4001+,駘
4001+,袿
4001+,舸
4001+,鶲
4001+,凾
4001+,蟆
4001+,癈
4001+,謖
4001+,慴
4001+,鵑
4001+,癋
4001+,僂
4001+,葷
4001+,阡
4001+,礪
4001+,柝
4001+,滌
4001+,讓
4001+,奚
4001+,箜
4001+,蓴
4001+,孀
4001+,孚
4001+,舒
4001+,齦
4001+,鑛
4001+,栴
4001+,簗
4001+,擯
4001+,旆
4001+,鮹
4001+,攬
4001+,捐
4001+,萠
4001+,箚
4001+,苞
4001+,籟
4001+,賁
4001+,墺
4001+,冕
4001+,衞
4001+,弍
4001+,佝
4001+,倔
4001+,蔀
4001+,霍
4001+,秕
4001+,齊
4001+,楫
4001+,烱
4001+,鬧
4001+,纔
4001+,逕
4001+,弯
4001+,綟
4001+,鯏
4001+,熒
4001+,鞨
4001+,蚌
4001+,鈑
4001+,冪
4001+,冢
4001+,哇
4001+,靉
4001+,潺
4001+,峪
4001+,栩
4001+,蜆
4001+,泗
4001+,冀
4001+,貽
4001+,蹊
4001+,怺
4001+,闔
4001+,嫩
4001+,駻
4001+,詁
4001+,稙
4001+,堯
4001+,餘
4001+,鰍
4001+,皰
4001+,皀
4001+,鐐
4001+,楸
4001+,倨
4001+,釐
4001+,晤
4001+,啻
4001+,惘
4001+,夛
4001+,嚔
4001+,屢
4001+,篆
4001+,姶
4001+,媧
4001+,鴟
4001+,﨑
4001+,逬
4001+,揣
4001+,淮
4001+,虧
4001+,壟
4001+,甑
4001+,砌
4001+,蝴
4001+,羸
4001+,礬
4001+,簷
4001+,曩
4001+,崛
4001+,簶
4001+,縣
4001+,熙
4001+,蹣
4001+,堊
4001+,髮
4001+,鎔
4001+,扠
4001+,櫺
4001+,謚
4001+,鰕
4001+,豎
4001+,鷂
4001+,苒
4001+,姨
4001+,娜
4001+,狎
4001+,堙
4001+,壼
4001+,胝
4001+,鏘
4001+,禧
4001+,帚
4001+,稻
4001+,學
4001+,溷
4001+,閇
4001+,靨
4001+,欷
4001+,矧
4001+,楝
4001+,纈
4001+,嬬
4001+,痎
4001+,炳
4001+,駭
4001+,鐺
4001+,猨
4001+,團
4001+,鷦
4001+,橢
4001+,鬆
4001+,彭
4001+,碼
4001+,琳
4001+,迚
4001+,枸
4001+,諡
4001+,糀
4001+,諢
4001+,眄
4001+,欖
4001+,鬮
4001+,鰥
4001+,汪
4001+,蔕
4001+,赧
4001+,鰮
4001+,枹
4001+,鳧
4001+,拈
4001+,疔
4001+,椽
4001+,篌
4001+,蛔
4001+,薹
4001+,菠
4001+,俘
4001+,蛯
4001+,鴆
4001+,鞅
4001+,寔
4001+,鯡
4001+,齪
4001+,頴
4001+,珮
4001+,舛
4001+,關
4001+,賈
4001+,膺
4001+,筬
4001+,悛
4001+,鐚
4001+,癆
4001+,蜿
4001+,畚
4001+,璋
4001+,輦
4001+,榑
4001+,霽
4001+,箙
4001+,燔
4001+,癘
4001+,籔
4001+,渣
4001+,戞
4001+,鮠
4001+,蔣
4001+,鸛
4001+,哈
4001+,黐
4001+,儛
4001+,對
4001+,艾
4001+,婪
4001+,恆
4001+,豬
4001+,蹉
4001+,蹶
4001+,霑
4001+,鑒
4001+,蹼
4001+,薐
4001+,倩
4001+,襁
4001+,骶
4001+,枉
4001+,輒
4001+,寃
4001+,齒
4001+,挍
4001+,擅
4001+,戍
4001+,顋
4001+,啐
4001+,櫟
4001+,粍
4001+,鵼
4001+,蓐
4001+,齋
4001+,霄
4001+,裄
4001+,祺
4001+,荳
4001+,牘
4001+,蚋
4001+,羔
4001+,苜
4001+,鋪
4001+,鵙
4001+,傴
4001+,殃
4001+,麸
4001+,莽
4001+,桙
4001+,譎
4001+,羇
4001+,鼕
4001+,鄰
4001+,蟒
4001+,磬
4001+,貅
4001+,豁
4001+,棧
4001+,颪
4001+,遲
4001+,玳
4001+,仞
4001+,枋
4001+,嘸
4001+,赳
4001+,鵟
4001+,佰
4001+,芬
4001+,卉
4001+,汕
4001+,窿
4001+,耨
4001+,毳
4001+,蕤
4001+,滄
4001+,坏
4001+,珎
4001+,躪
4001+,粽
4001+,嘖
4001+,熄
4001+,邊
4001+,荀
4001+,亙
4001+,痞
4001+,犒
4001+,悌
4001+,嚀
4001+,纐
4001+,麴
4001+,悵
4001+,陬
4001+,笨
4001+,孜
4001+,鮟
4001+,煬
4001+,陌
4001+,嚏
4001+,篶
4001+,囈
4001+,懿
4001+,偸
4001+,冲
4001+,眥
4001+,闕
4001+,發
4001+,戀
4001+,晁
4001+,裹
4001+,杙
4001+,媽
4001+,綮
4001+,仍
4001+,蜑
4001+,燹
4001+,鰺
4001+,你
4001+,繩
4001+,慷
4001+,蜒
4001+,麋
4001+,瓣
4001+,椨
4001+,唵
4001+,剱
4001+,嚠
4001+,杣
4001+,彪
4001+,瘢
4001+,麵
4001+,淙
4001+,杼
4001+,撩
4001+,鐔
4001+,豈
4001+,駸
4001+,腭
4001+,栲
4001+,喞
4001+,壹
4001+,丐
4001+,悚
4001+,棊
4001+,咜
4001+,洵
4001+,萍
4001+,胼
4001+,藜
4001+,膈
4001+,訐
4001+,梭
4001+,稈
4001+,嬶
4001+,珞
4001+,駑
4001+,苧
4001+,撿
4001+,殱
4001+,硼
4001+,鞏
4001+,蒿
4001+,廚
4001+,篳
4001+,瓔
4001+,暎
4001+,甃
4001+,斫
4001+,汞
4001+,霖
4001+,飫
4001+,鏨
4001+,掖
4001+,迢
4001+,糶
4001+,狆
4001+,兒
4001+,丗
4001+,榻
4001+,喨
4001+,湫
4001+,鍜
4001+,轗
4001+,仭
4001+,沮
4001+,粂
4001+,醋
4001+,茘
4001+,儼
4001+,黶
4001+,琺
4001+,筰
4001+,埵
4001+,氛
4001+,祿
4001+,佛
4001+,訌
4001+,闡
4001+,啀
4001+,鑵
4001+,糒
4001+,趺
4001+,搶
4001+,奠
4001+,榧
4001+,爼
4001+,翕
4001+,翫
4001+,濺
4001+,勁
4001+,儁
4001+,蜍
4001+,滬
4001+,孁
4001+,蜉
4001+,驍
4001+,墻
4001+,鰤
4001+,俑
4001+,漓
4001+,杮
4001+,謦
4001+,嚆
4001+,挌
4001+,蹤
4001+,缺
4001+,鴈
4001+,躄
4001+,佚
4001+,乘
4001+,癧
4001+,靫
4001+,惇
4001+,蘿
4001+,苓
4001+,觴
4001+,橡
4001+,轂
4001+,弽
4001+,閦
4001+,鶩
4001+,氓
4001+,賺
4001+,恂
4001+,慂
4001+,范
4001+,跑
4001+,皸
4001+,寳
4001+,衙
4001+,羃
4001+,皎
4001+,繽
4001+,薑
4001+,黯
4001+,厥
4001+,菁
4001+,轆
4001+,噬
4001+,榔
4001+,惶
4001+,騅
4001+,晝
4001+,諛
4001+,橅
4001+,靠
4001+,旁
4001+,籖
4001+,鵝
4001+,巛
4001+,髢
4001+,呱
4001+,罨
4001+,沛
4001+,禮
4001+,仝
4001+,澗
4001+,弉
4001+,蛄
4001+,籬
4001+,祗
4001+,裨
4001+,顴
4001+,痼
4001+,嚮
4001+,黽
4001+,臾
4001+,跌
4001+,筥
4001+,髀
4001+,忉
4001+,岨
4001+,瑯
4001+,瘁
4001+,錣
4001+,摧
4001+,鱚
4001+,飮
4001+,臈
4001+,瑾
4001+,肇
4001+,緲
4001+,羲
4001+,蝨
4001+,暉
4001+,睿
4001+,簫
4001+,爲
4001+,酣
4001+,膊
4001+,咏
4001+,顳
4001+,桛
4001+,翦
4001+,歔
4001+,澁
4001+,耻
4001+,耿
4001+,扨
4001+,鴿
4001+,萸
4001+,菘
4001+,戔
4001+,鈕
4001+,叮
4001+,梠
4001+,稷
4001+,粮
4001+,噲
4001+,澎
4001+,鷓
4001+,亞
4001+,叟
4001+,螟
4001+,偖
4001+,柯
4001+,蠊
4001+,鑰
4001+,鷯
4001+,游
4001+,碣
4001+,鑞
4001+,恁
4001+,紂
4001+,筮
4001+,偈
4001+,樂
4001+,讖
4001+,悒
4001+,跚
4001+,蘚
4001+,紊
4001+,輯
4001+,侏
4001+,芟
4001+,疝
4001+,踠
4001+,苟
4001+,猖
4001+,噯
4001+,眴
4001+,證
4001+,覬
4001+,蟾
4001+,稍
4001+,隍
4001+,囊
4001+,凩
4001+,豌
4001+,傚
4001+,椙
4001+,辮
4001+,褶
4001+,鑁
4001+,臠
4001+,湍
4001+,鶍
4001+,蘗
4001+,嘛
4001+,槲
4001+,烝
4001+,驥
4001+,嚊
4001+,甞
4001+,盈
4001+,辯
4001+,纒
4001+,惺
4001+,纓
4001+,誣
4001+,牀
4001+,卅
4001+,轅
4001+,艙
4001+,寶
4001+,菴
4001+,贐
4001+,輳
4001+,爰
4001+,讎
4001+,瑰
4001+,邇
4001+,炷
4001+,朮
4001+,僵
4001+,錄
4001+,喟
4001+,庠
4001+,鶇
4001+,梔
4001+,蕋
4001+,樊
4001+,歸
4001+,抔
4001+,岑
4001+,繇
4001+,瓠
4001+,綛
4001+,舁
4001+,蘖
4001+,菟
4001+,巖
4001+,鰡
4001+,礑
4001+,蕷
4001+,噸
4001+,馮
4001+,兢
4001+,誄
4001+,苣
4001+,﨟
4001+,窗
4001+,胯
4001+,淇
4001+,闃
4001+,彌
4001+,媾
4001+,涵
4001+,啣
4001+,耒
4001+,瘋
4001+,霏
4001+,蹕
4001+,螭
4001+,鼯
4001+,糯
4001+,遑
4001+,盞
4001+,渊
4001+,鷽
4001+,檮
4001+,蔗
4001+,蠑
4001+,耘
4001+,涕
4001+,磚
4001+,噦
4001+,徭
4001+,偕
4001+,瞽
4001+,躬
4001+,悽
4001+,槓
4001+,爨
4001+,笋
4001+,渫
4001+,僣
4001+,釆
4001+,煥
4001+,瘻
4001+,俚
4001+,蟋
4001+,瞿
4001+,蹇
4001+,叺
4001+,瀰
4001+,醺
4001+,垜
4001+,弌
4001+,尠
4001+,碾
4001+,翩
4001+,蜓
4001+,萼
4001+,湮
4001+,穆
4001+,觚
4001+,舩
4001+,磑
4001+,糕
4001+,醪
4001+,閔
4001+,韛
4001+,廩
4001+,筝
4001+,巵
4001+,擒
4001+,鮃
4001+,辨
4001+,胄
4001+,絅
4001+,罩
4001+,閼
4001+,奘
4001+,鋺
4001+,糜
4001+,撈
4001+,絲
4001+,窖
4001+,變
4001+,縟
4001+,鞦
4001+,錻
4001+,豕
4001+,熳
4001+,縅
4001+,昉
4001+,謨
4001+,插
4001+,兔
4001+,脉
4001+,弗
4001+,蔬
4001+,實
4001+,跼
4001+,饑
4001+,驛
4001+,痲
4001+,鰒
4001+,肓
4001+,隗
4001+,緡
4001+,鹹
4001+,詢
4001+,楣
4001+,鉅
4001+,娟
4001+,鈞
4001+,嗽
4001+,祚
4001+,榮
4001+,騫
4001+,銕
4001+,囗
4001+,櫨
4001+,葯
4001+,膩
4001+,怫
4001+,鱇
4001+,麪
4001+,骼
4001+,硅
4001+,聰
4001+,椈
4001+,鰆
4001+,鰈
4001+,冉
4001+,隴
4001+,謫
4001+,孑
4001+,疊
4001+,澳
4001+,晟
4001+,鶸
4001+,韆
4001+,姆
4001+,恪
4001+,麁
4001+,疳
4001+,蓿
4001+,鶉
4001+,橄
4001+,惷
4001+,檐
4001+,煕
4001+,姒
4001+,錮
4001+,饂
4001+,牴
4001+,溟
4001+,篏
4001+,褫
4001+,幄
4001+,挂
4001+,脯
4001+,蝣
4001+,鉞
4001+,弭
4001+,藐
4001+,燠
4001+,淪
4001+,籌
4001+,羗
4001+,蝌
4001+,褞
4001+,蠎
4001+,盡
4001+,韃
4001+,笄
4001+,彎
4001+,顬
4001+,粱
4001+,藏
4001+,窈
4001+,覘
4001+,蛎
4001+,妍
4001+,恟
4001+,疥
4001+,蒴
4001+,羮
4001+,砺
4001+,屎
4001+,倪
4001+,晳
4001+,嫗
4001+,禾
4001+,辵
4001+,肭
4001+,蚪
4001+,閊
4001+,俐
4001+,霓
4001+,獗
4001+,簔
4001+,癰
4001+,藕
4001+,揖
4001+,懈
4001+,闌
4001+,宕
4001+,鎹
4001+,尨
4001+,醢
4001+,猷
4001+,嬥
4001+,鐫
4001+,慫
4001+,螈
4001+,銓
4001+,檍
4001+,罔
4001+,巓
4001+,惻
4001+,簇
4001+,萃
4001+,熹
4001+,彳
4001+,喃
4001+,邃
4001+,莓
4001+,蛻
4001+,齣
4001+,窕
4001+,茱
4001+,紲
4001+,觜
4001+,爻
4001+,晏
4001+,褓
4001+,鞜
4001+,貮
4001+,蘂
4001+,騸
4001+,奎
4001+,澆
4001+,鯣
4001+,鵯
4001+,閘
4001+,吭
4001+,軫
4001+,翹
4001+,佶
4001+,礙
4001+,梛
4001+,溲
4001+,鷭
4001+,鮓
4001+,畷
4001+,銷
4001+,藺
4001+,隨
4001+,犢
4001+,邱
4001+,瑁
4001+,輾
4001+,怡
4001+,殪
4001+,髱
4001+,誡
4001+,假
4001+,痂
4001+,軈
4001+,鼂
4001+,籰
4001+,黥
4001+,醴
4001+,坡
4001+,碕
4001+,暹
4001+,溪
4001+,猴
4001+,讚
4001+,袤
4001+,潸
4001+,雋
4001+,裙
4001+,岫
4001+,哥
4001+,殯
4001+,癬
4001+,艸
4001+,溥
4001+,碰
4001+,棉
4001+,杆
4001+,鯊
4001+,怱
4001+,鵄
4001+,鯔
4001+,醵
4001+,萵
4001+,甌
4001+,綏
4001+,腓
4001+,茵
4001+,菲
4001+,蜊
4001+,戛
4001+,婀
4001+,邉
4001+,榾
4001+,礒
4001+,陝
4001+,婬
4001+,處
4001+,寫
4001+,滉
4001+,嶇
4001+,檞
4001+,貳
4001+,渤
4001+,匆
4001+,齷
4001+,罎
4001+,妁
4001+,怏
4001+,浙
4001+,咸
4001+,灣
4001+,豼
4001+,晧
4001+,嗔
4001+,蟯
4001+,箆
4001+,么
4001+,樗
4001+,靼
4001+,闥
4001+,鴣
4001+,磧
4001+,駮
4001+,雒
4001+,茯
4001+,鈔
4001+,兀
4001+,苹
4001+,倚
4001+,丕
4001+,癡
4001+,柞
4001+,禪
4001+,贏
4001+,甸
4001+,珂
4001+,笳
4001+,粳
4001+,騾
4001+,欹
4001+,艨
4001+,襠
4001+,甫
4001+,體
4001+,阮
4001+,鐶
4001+,酥
4001+,椴
4001+,瀋
4001+,广
4001+,榕
4001+,鯒
4001+,壻
4001+,靜
4001+,蔟
4001+,繖
4001+,厦
4001+,絁
4001+,覲
4001+,衍
4001+,瑟
4001+,衢
4001+,馘
4001+,膃
4001+,岱
4001+,錏
4001+,螳
4001+,螫
4001+,峽
4001+,楞
4001+,篥
4001+,螻
4001+,鱠
4001+,剔
4001+,蜚
4001+,簽
4001+,遏
4001+,豺
4001+,鱶
4001+,艮
4001+,轌
4001+,茴
4001+,簓
4001+,鏢
4001+,莎
4001+,蠡
4001+,艟
4001+,鏈
4001+,桴
4001+,樸
